id,domain,status,purchase_price,renewal_price,attractiveness,demand,length,registrar,created_at,expires_at,status_verified_at
be754a75-9339-4565-b585-15f4bf4c7769,store.tienda,available,59.99,59.99,high,medium,5,namesilo,,,24/09/2026 16:58
02f8cab6-a528-4ec7-9c21-fc2b891c57bc,store.kaufen,available,5.99,26.99,high,medium,5,namesilo,,,24/09/2026 16:58
b2106923-e849-40ce-a5da-360b661075ea,retail.store,premium,2587.7,10350.2,high,low,6,spaceship,,,28/09/2026 06:47
60ae02ad-0e16-4c3b-b374-95045e893f13,store.promo,premium,1107,1107,high,medium,5,namesilo,,,24/09/2026 16:58
4281aef0-69a8-420e-9ed7-75f218ff9dee,store.free,premium,1107,1107,high,medium,5,namesilo,,,24/09/2026 16:58
0ce5e528-7242-4ecb-931b-7c9497aae335,store.discount,premium,854,854,high,medium,5,namesilo,,,24/09/2026 16:58
cb40270d-a919-4555-8195-5135b6ae2d0d,store.blackfriday,available,299.99,299.99,high,medium,5,name.com,,,24/09/2026 16:58
4ec88424-ef21-42d4-8148-d23e6bed0bc1,store.bargains,premium,42.9,42.9,high,medium,5,namecheap,,,24/09/2026 16:58
e25f389d-5afe-4d11-95ca-fdbf775e04d2,store.london,premium,7307.54,31.25,high,medium,5,namesilo,,,24/09/2026 16:58
4a39b307-ec50-420f-a65b-4ef998f7556f,store.trade,premium,1107,116,high,medium,5,namesilo,,,24/09/2026 16:58
ec1c6259-edf4-41ce-b3c6-b6c9d5fb25d4,store.miami,resell,,,high,medium,5,Dynadot Inc,18/01/2018 21:35,18/01/2027 21:35,26/09/2026 09:19
0acb9be6-3ed4-4369-849a-a95eb4ea7623,store.markets,premium,85.8,85.8,high,medium,5,namecheap,,,24/09/2026 16:58
6f438305-bbdd-4c06-8100-6a43167f5127,store.horse,premium,854,29.5,high,medium,5,namesilo,,,24/09/2026 16:58
2e38fc21-ad76-4d6b-bb52-0e316f3ca6bf,store.online,premium,747500,31250,high,medium,5,name.com,,,24/09/2026 16:58
668d0dde-30d0-4225-8535-be640c7fa322,store.gallery,resell,,,high,medium,5,Edomains LLC,26/01/2024 15:15,26/01/2027 15:15,26/09/2026 09:19
6622de1b-c774-4657-aa6e-7265c85df250,store.loan,premium,6900,116,high,medium,5,namesilo,,,24/09/2026 16:58
9bcf1595-fca3-42c3-b87a-92601b74599b,store.host,premium,3250,6500,high,medium,5,namecheap,,,24/09/2026 16:58
73faa779-3536-4291-9c04-58349a33ee67,store.express,resell,,,high,medium,5,"Global Domains International, Inc. DBA DomainCostClub.com",30/12/2025 15:15,30/12/2026 15:15,26/09/2026 09:19
2fb3c82a-3959-4212-a7f1-cdf8693a7af5,store.investments,resell,,,high,medium,5,"Spaceship, Inc.",20/07/2026 17:01,20/07/2027 17:01,26/09/2026 09:19
850dadcb-35d6-410b-8675-4fe55f20a7ac,store.asia,resell,,,high,medium,5,"GoDaddy.com, LLC",05/05/2010 02:35,05/05/2027 02:35,26/09/2026 09:19
83d65a46-f116-4eae-9cbc-ae6db00f1be3,store.gifts,premium,250,250,high,medium,5,name.com,,,24/09/2026 16:58
99123ec1-0f0b-4f7c-8ccf-e22c514aa072,store.one,premium,6900,6900,high,medium,5,namesilo,,,24/09/2026 16:58
371de403-f409-4eab-8534-dd2d86f72f48,store.ltda,premium,56.64,33.04,high,medium,5,namesilo,,,24/09/2026 16:58
fa5cd099-f712-439f-b2c0-d5b09e5a48a5,store.deal,premium,1250,1250,high,medium,5,name.com,,,24/09/2026 16:58
c85506cf-592e-413f-b49d-17e3eddfd170,store.eco,premium,9735.05,74.75,high,medium,5,namecheap,,,24/09/2026 16:58
8658237c-2cfd-439d-845a-0f658eb49da9,store.auto,available,1999.99,2199,high,medium,5,namesilo,,,24/09/2026 16:58
01fa6911-39c9-48d8-a902-4efc13f2dacb,store.beer,resell,,,high,medium,5,Alibaba Cloud Computing Ltd. d/b/a HiChina (www.net.cn),23/04/2021 16:00,23/04/2027 16:00,26/09/2026 09:19
a961885b-b449-4fee-9240-48979c62417a,store.solutions,resell,,,high,medium,5,Dynadot Inc,10/05/2018 16:01,10/05/2027 16:01,26/09/2026 09:19
94388104-ddd7-4956-865c-18d5fcb107e9,retail.promo,resell,,,high,low,6,IONOS SE,27/11/2025 23:34,27/11/2026 23:34,28/09/2026 06:47
6493ffdc-2a95-4024-a6b6-a55349011e03,store.dating,premium,242,242,high,medium,5,namesilo,,,24/09/2026 16:58
dd9df680-143c-4dee-8b8b-81fc4e61a484,store.press,premium,3250,6500,high,medium,5,namecheap,,,24/09/2026 16:58
6ee538b6-a6e1-4fcf-a9a5-82fb5e7ead3b,store.today,resell,,,high,medium,5,Squarespace Domains II LLC,15/09/2019 06:54,15/09/2027 06:54,26/09/2026 09:19
80b063a6-3edc-4933-9ae5-a49d83c14857,store.pw,premium,6900,6900,high,medium,5,namesilo,,,24/09/2026 16:58
2ea449db-936b-446a-9445-a4a2f5a0eccb,store.yachts,premium,832,832,high,medium,5,namesilo,,,24/09/2026 16:58
d7ea773d-10f6-4f9f-8a30-c01ab50afcfa,store.build,premium,1950,1950,high,medium,5,namecheap,,,24/09/2026 16:58
30ed7f0c-c354-472a-a6f6-8f9277fd74fb,store.cleaning,premium,118.8,118.8,high,medium,5,namesilo,,,24/09/2026 16:58
3f332de9-4746-4a74-b937-21c16d4da2c6,store.vodka,premium,1000,46.99,high,medium,5,name.com,,,24/09/2026 16:58
08a676c4-615d-43cc-995a-f480c834f0f2,store.inc,premium,2061.5,2660,high,medium,5,namesilo,,,24/09/2026 16:58
16d9616d-a3f8-496a-9163-00976d4c5da2,store.family,premium,123.75,123.75,high,medium,5,name.com,,,24/09/2026 16:58
94045406-472c-4299-ab3c-98f6b5860d4b,store.luxury,premium,3624.95,3624.95,high,medium,5,name.com,,,24/09/2026 16:58
1c676f61-d203-4c4c-8a09-183bb1ecaf96,store.deals,resell,,,high,medium,5,Dynadot Inc,06/07/2024 15:15,06/07/2027 15:15,26/09/2026 09:19
518543f1-1422-4940-8224-8345fc9d3923,store.reise,available,27.89,97.99,high,medium,5,namesilo,,,24/09/2026 16:58
e0c52626-2769-414b-beb0-e3f876ec8c53,store.equipment,premium,85.8,85.8,high,medium,5,namecheap,,,24/09/2026 16:58
37343f85-b2a7-47a8-b78c-7991c47b1125,store.condos,premium,118.8,118.8,high,medium,5,namesilo,,,24/09/2026 16:58
8ff89a37-133e-44da-9a5c-3ac83338a977,store.realty,premium,1107,1107,high,medium,5,namesilo,,,24/09/2026 16:58
5e27ee41-3ecc-4b17-8b0a-6cd23dd667d6,store.ceo,premium,510.98,510.98,high,medium,5,namesilo,,,24/09/2026 16:58
f9f4c2b3-f219-4864-9acc-684e2ef3267d,store.immobilien,available,37.99,37.99,high,medium,5,namesilo,,,24/09/2026 16:58
9ecaee4b-f965-4e53-a33a-8c3ca2330d65,store.technology,resell,,,high,medium,5,"Global Domains International, Inc. DBA DomainCostClub.com",12/01/2026 15:15,12/01/2027 15:15,26/09/2026 09:19
897d9f1d-872b-4ed8-b9b9-3ee5346774b5,store.supplies,premium,854,854,high,medium,5,namesilo,,,24/09/2026 16:58
a64ebf89-afe0-49cb-b6f6-de3d51c13c5f,retail.free,premium,116,116,high,low,6,namesilo,,,28/09/2026 06:47
073611a4-4a89-4802-ac82-8f0fdcee1d90,store.tax,resell,,,high,medium,5,"DNSPod, Inc.",19/02/2021 23:16,19/02/2027 23:16,26/09/2026 09:19
a6c0708f-54b0-4ff5-b57d-357fba85d754,store.tickets,available,359.99,488.88,high,medium,5,namesilo,,,24/09/2026 16:58
2605e7ba-82ab-469f-9fda-ebdabbeff6c7,store.viajes,available,37.99,37.99,high,medium,5,namesilo,,,24/09/2026 16:58
c96a83a6-78b5-4482-a0f9-019a1de7c427,store.contact,resell,,,high,medium,5,Dynadot Inc,07/12/2020 02:21,07/12/2026 02:21,26/09/2026 09:19
ca95ba91-617e-450b-82c6-fdf0c1c3614d,store.cfd,resell,,,high,medium,5,Dynadot Inc,20/04/2021 16:44,20/04/2027 23:59,26/09/2026 09:19
3e97f918-b732-4553-8931-e0137598e2b0,store.red,resell,,,high,medium,5,Edomains LLC,27/07/2016 10:09,27/07/2027 10:09,26/09/2026 09:19
97254293-fe9b-443a-82fd-f097adadaf8f,store.stream,premium,6900,116,high,medium,5,namesilo,,,24/09/2026 16:58
ed87be30-2f84-4c75-9baa-cb8713c96ca5,store.vin,premium,123.75,123.75,high,medium,5,name.com,,,24/09/2026 16:58
22269845-e552-4f07-ad84-d3c4d0b1d0b6,retail.tienda,available,62.98,74.98,high,low,6,namecheap,,,28/09/2026 06:47
33c0941b-f4db-4a3b-a86d-a5d229d712f4,store.zone,resell,,,high,medium,5,Alibaba Cloud Computing Ltd. d/b/a HiChina (www.net.cn),19/07/2015 16:17,19/07/2027 16:17,26/09/2026 09:19
c3b5df3b-f649-4060-9c21-d18fbdc39fdc,store.shiksha,available,14.99,51.99,high,medium,5,namesilo,,,24/09/2026 16:58
9d8021c7-eee7-431f-83b5-365f9e48e5fa,store.love,premium,728,1040,high,medium,5,namecheap,,,24/09/2026 16:58
0f850a5d-8a1f-49f5-8568-16ccbdbea467,store.day,premium,623.75,623.75,high,medium,5,name.com,,,24/09/2026 16:58
c0cba2cc-bfc7-4632-b169-f8b0aebe8425,store.cooking,premium,100,46.99,high,medium,5,name.com,,,24/09/2026 16:58
6ecaae67-a5ad-4689-8923-452123870de0,retail.estate,resell,,,high,low,6,"Spaceship, Inc.",15/08/2024 17:00,15/08/2027 17:00,28/09/2026 06:47
89a64e6f-97a5-4767-8a17-596a30cbd269,store.lawyer,premium,512,512,high,medium,5,namesilo,,,24/09/2026 16:58
2e1acc18-c5bb-47be-973b-6ceeffd739ce,retail.fast,premium,65,65,high,low,6,namecheap,,,28/09/2026 06:47
78221a1c-b1ab-4be2-93ec-a086830cca79,store.community,resell,,,high,medium,5,Edomains LLC,21/02/2023 15:15,21/02/2027 15:15,26/09/2026 09:19
95797066-b193-46bf-8475-dd51dc61a5f3,shop.tienda,premium,512,512,high,medium,4,namesilo,,,24/09/2026 21:43
357926d0-e6a1-4dbb-b2ad-6e44c8658fcd,store.flights,premium,123.75,123.75,high,medium,5,name.com,,,24/09/2026 16:58
32a41713-4504-4102-a814-a7fd9e5fdc07,store.cloud,premium,27600,27600,high,medium,5,namesilo,,,24/09/2026 16:58
210263d2-11d2-429f-8ec2-b2ce30d5da3b,store.irish,resell,,,high,medium,5,Dynadot Inc,29/05/2024 15:15,29/05/2027 15:15,26/09/2026 09:19
2d941918-fc27-4f7a-8869-a35a57377b88,retail.bid,available,5.25,6.25,high,low,6,namesilo,,,28/09/2026 06:47
86c17429-cfc5-434e-863c-d8d1a2aace07,store.observer,premium,854,854,high,medium,5,namesilo,,,24/09/2026 16:58
7ed96e2d-8549-41d1-99a6-804ef79b0018,store.cards,premium,854,854,high,medium,5,namesilo,,,24/09/2026 16:58
c0f7c077-613f-4338-8b3f-64c7f1bc4628,store.vana,available,3999.99,3999.99,high,medium,5,name.com,,,24/09/2026 16:58
d456efd4-7551-468e-be79-7c974299fd11,store.help,resell,,,high,medium,5,united-domains GmbH,08/05/2018 07:48,08/05/2027 23:59,26/09/2026 09:19
9e0a2743-ab41-4500-b12e-93bcd45eaec5,store.immo,premium,78.54,78.54,high,medium,5,namesilo,,,24/09/2026 16:58
69cd52ef-a3c7-4ebe-a0e5-62b68529eab9,store.nexus,premium,1248.75,1248.75,high,medium,5,name.com,,,24/09/2026 16:58
83e89169-c78d-481d-b550-cde74ddfce23,store.jewelry,premium,78.54,78.54,high,medium,5,namesilo,,,24/09/2026 16:58
4747ab5e-62e5-4092-a3cc-1b4ae198965a,retail.villas,available,10.92,49.44,high,low,6,dynadot,,,28/09/2026 06:47
612b0292-be15-4440-a4d4-a31c85beae62,store.living,premium,116,116,high,medium,5,namesilo,,,24/09/2026 16:58
bf919a41-e9ae-464d-86ac-eaffc24f0946,store.academy,resell,,,high,medium,5,Edomains LLC,06/04/2016 07:22,06/04/2027 07:22,26/09/2026 09:19
7c44e953-a715-4441-90e1-3955b0262793,store.lighting,resell,,,high,medium,5,Dynadot Inc,03/07/2024 15:16,03/07/2027 15:16,26/09/2026 09:19
cd131e48-0e5d-4006-99eb-fad78f2a744a,store.land,resell,,,high,medium,5,"Spaceship, Inc.",24/09/2024 15:15,24/09/2027 15:15,26/09/2026 09:19
90d08cb7-a26a-45da-963f-ab234008f0dc,store.rest,premium,1152,1152,high,medium,5,namesilo,,,24/09/2026 16:58
bb01f215-8bce-4a27-bf68-8a7b86af1305,store.dance,premium,128.7,128.7,high,medium,5,namecheap,,,24/09/2026 16:58
086eb074-3eca-4b17-8246-3d9b83b04127,store.talk,premium,640,640,high,medium,5,namesilo,,,24/09/2026 16:58
961885b2-98c8-4b33-844a-a8940773b58f,store.hosting,available,309.99,429.99,high,medium,5,namesilo,,,24/09/2026 16:58
290eee0c-d133-44b7-8f3e-a5e02f345b17,retail.sarl,available,6.99,6.99,high,low,6,namesilo,,,28/09/2026 06:47
37945ca9-db21-4cf6-8b55-ab84c105eaea,retail.food,premium,640,640,high,low,6,namesilo,,,28/09/2026 06:47
f1afb3de-2f99-468c-ac15-3aafed611e39,store.boo,premium,623.75,623.75,high,medium,5,name.com,,,24/09/2026 16:58
9b561e31-a91e-4ffa-a0a2-a6144724cd42,retail.sbs,premium,310.7,621.2,high,low,6,spaceship,,,28/09/2026 06:47
e3416def-3b12-4df5-bf14-663d7c2faca9,retail.ooo,premium,83.29,23.59,high,low,6,namesilo,,,28/09/2026 06:47
2cb2ad3d-c05b-4da0-aa9e-638b7e0553ff,store.bid,premium,6500,130,high,medium,5,namecheap,,,24/09/2026 16:58
52f79dda-c33c-4637-b77a-3c9c5d174de7,store.review,premium,6900,116,high,medium,5,namesilo,,,24/09/2026 16:58
fa9da226-0e50-4991-b745-8ce443f1d5fb,store.works,resell,,,high,medium,5,"Spaceship, Inc.",29/06/2022 04:14,29/06/2027 04:14,26/09/2026 09:19
1b8b0d6d-4a24-4a6b-8bad-33b1fda7a3a0,store.consulting,resell,,,high,medium,5,"GoDaddy.com, LLC",21/04/2024 15:26,21/04/2027 15:26,26/09/2026 09:19
b21ba107-206b-4c4d-b4ad-b8883c514754,retail.pro,resell,,,high,low,6,"Sav.com, LLC - 3",04/06/2022 13:15,04/06/2027 13:15,28/09/2026 06:47
4be4a4c8-71a2-4892-ac68-3b45de05f136,retail.industries,premium,440,440,high,low,6,dynadot,,,28/09/2026 06:47
42532a2e-0629-4a58-aa07-55ee7721ce9e,store.locker,premium,3433.44,8.8,high,medium,5,namesilo,,,24/09/2026 16:58
bab1e5c4-4eb1-4bf5-87fe-384041ee6e1d,store.foo,premium,1298.7,1298.7,high,medium,5,namecheap,,,24/09/2026 16:58
2193a8bb-f24d-4226-81a1-50b2d8b96443,retail.money,premium,118.8,118.8,high,low,6,namesilo,,,28/09/2026 06:47
162af811-6baf-4da1-babb-1340238ba78e,retail.discount,resell,,,high,low,6,Dynadot Inc,02/05/2016 11:04,02/05/2027 11:04,28/09/2026 06:47
dfbce921-c09e-4d2a-bef9-727be093821a,store.barcelona,available,38.98,38.98,high,medium,5,namecheap,,,24/09/2026 16:58
9bc9af46-dd17-4da3-a6f0-cb43893e1e5c,retail.boston,premium,200.5,21.24,high,low,6,unstoppable,,,28/09/2026 06:47
8a622b0a-ddf6-45e7-bf3b-b58d374a5dda,retail.rocks,premium,30.5,35.4,high,low,6,unstoppable,,,28/09/2026 06:47
6da551d0-4fb8-4c83-919f-41392b1dc2a2,retail.tickets,available,360.97,386.71,high,low,6,porkbun,,,28/09/2026 06:47
3b43a39e-3f65-4ddb-94ce-d99cac7437ba,store.ryukyu,available,24.99,31.99,high,medium,5,name.com,,,24/09/2026 16:58
638b4a5b-b107-4f50-af0c-7cb44c2944ae,retail.protection,available,2064.2,2064.2,high,low,6,spaceship,,,28/09/2026 06:47
7aa78f99-0a5e-4a57-bc5e-d5baf747e8cf,store.luxe,resell,,,high,medium,5,Porkbun,13/03/2023 14:15,13/03/2027 14:15,26/09/2026 09:19
0cd17ed6-64d5-4ba0-b4f7-5d493abc7e15,retail.hosting,available,309.47,340.37,high,low,6,porkbun,,,28/09/2026 06:47
a49533d4-79f2-4dc3-b75c-15471fb23d48,store.phd,premium,811.25,811.25,high,medium,5,name.com,,,24/09/2026 16:58
d9e81bb0-0a5f-4ca5-b16b-2614ae13004d,retail.democrat,available,5.66,26.26,high,low,6,porkbun,,,28/09/2026 06:47
3327534b-026a-4866-a17b-1e656f8b7463,store.boats,premium,845,845,high,medium,5,namecheap,,,24/09/2026 16:58
7327cff7-4403-4e20-a948-a63e70895cc2,retail.locker,premium,318.46,8.8,high,low,6,namesilo,,,28/09/2026 06:47
c9c0258a-158b-40df-8356-f5bd5a0bbe56,retail.io,resell,,,high,low,6,"GoDaddy.com, LLC",18/07/2012 07:11,18/07/2027 07:11,28/09/2026 06:47
1347073e-3588-43ee-a213-b9d1d9799a64,retail.limited,premium,242,242,high,low,6,namesilo,,,28/09/2026 06:47
df17369a-5f6e-4cb9-a2be-24fa0846cd82,retail.spot,premium,517.7,517.7,high,low,6,spaceship,,,28/09/2026 06:47
eb87e3c8-4283-4b92-a3d5-45a0c6d48c6f,store.market,premium,3450,3450,high,medium,5,namesilo,,,24/09/2026 16:58
066654e9-d46b-437a-8951-4a946891f360,retail.maison,available,57.99,57.99,high,low,6,namesilo,,,28/09/2026 06:47
6898cb18-8fc3-4f43-80e8-db91bcf65441,retail.date,premium,103.7,26.08,high,low,6,spaceship,,,28/09/2026 06:47
56bbc114-6753-4303-a553-2a5b3f64b85b,store.school,resell,,,high,medium,5,"Chengdu West Dimension Digital Technology Co., Ltd.",15/01/2024 15:15,15/01/2027 15:15,26/09/2026 09:19
ed178a91-5729-4f20-9103-5b321a33a271,retail.shiksha,available,14.99,51.99,high,low,6,namesilo,,,28/09/2026 06:47
b41b23cd-2838-4ab6-964d-d29e096c51fb,retail.gold,resell,,,high,low,6,"DNSPod, Inc.",13/05/2018 20:04,13/05/2027 20:04,28/09/2026 06:47
7e707612-bcbb-4bc0-b45a-44ae383cec54,retail.help,premium,83.3,116,high,low,6,namesilo,,,28/09/2026 06:47
7caf7baa-ea5a-4b3e-a0d4-c7bfd89e9466,store.dealer,premium,2499,3799.99,high,medium,5,name.com,,,24/09/2026 16:58
49d912b1-4873-4487-ae9a-709c87ed59e1,store.group,resell,,,high,medium,5,"Spaceship, Inc.",12/12/2023 15:16,12/12/2026 15:16,26/09/2026 09:19
4c2efdbd-c886-414b-bc18-1c6a184a20bb,store.attorney,premium,512,512,high,medium,5,namesilo,,,24/09/2026 16:58
f4915c14-4888-41c1-a5e4-926a8c1a53c3,retail.salon,available,10.81,45.83,high,low,6,porkbun,,,28/09/2026 06:47
cc65bad8-86a5-4083-baf7-bfef5c72dde8,store.company,resell,,,high,medium,5,"Spaceship, Inc.",15/07/2024 15:15,15/07/2027 15:15,26/09/2026 09:19
d5a3b77e-1462-4997-ac05-5d994071bd39,retail.college,premium,640,640,high,low,6,namesilo,,,28/09/2026 06:47
12ff4288-f103-4822-a835-2193383c796b,store.food,resell,,,high,medium,5,"Spaceship, Inc.",07/03/2024 19:32,07/03/2027 19:32,26/09/2026 09:19
c7cbc755-e3c3-411f-b870-02d38538f671,retail.kaufen,available,23.2,23.2,high,low,6,cloudflare,,,28/09/2026 06:47
93fb31d7-7a84-4b8a-aee7-293d8ff655ca,store.industries,premium,260,260,high,medium,5,namecheap,,,24/09/2026 16:58
249313a7-ecc9-4713-8bc9-8cdfea786b52,shop.shopping,premium,512,512,high,medium,4,namesilo,,,24/09/2026 21:43
b31bc6a5-7d53-49c9-bd84-eca296d65d87,store.reisen,available,3.99,20.99,high,medium,5,namesilo,,,24/09/2026 16:58
aa473e3c-b583-4ba6-b61e-c0678940392d,store.dog,premium,500,500,high,medium,5,name.com,,,24/09/2026 16:58
80f520ce-d984-43eb-a9f7-4f17f4961f48,store.cheap,resell,,,high,medium,5,Edomains LLC,15/01/2024 15:15,15/01/2027 15:15,26/09/2026 09:19
2e3157d5-9cae-4c5f-9718-c7c0157b1f77,retail.eco,premium,7762.7,59.71,high,low,6,spaceship,,,28/09/2026 06:47
36691937-666f-40ec-be33-b4c0695eaa24,retail.trading,premium,218.8,437.19,high,low,6,porkbun,,,28/09/2026 06:47
48a7e9aa-ec06-4019-8479-059ec056bcbc,store.catering,premium,118.8,118.8,high,medium,5,namesilo,,,24/09/2026 16:58
61c358cc-b1e9-4b06-ac42-9baa140bcffc,retail.men,resell,,,high,low,6,"Global Domains International, Inc. DBA DomainCostClub.com",31/07/2018 17:23,31/07/2029 17:23,28/09/2026 06:47
f72161c1-d662-4edf-ba78-10ae0cb148e8,retail.pictures,available,12.62,12.62,high,low,6,spaceship,,,28/09/2026 06:47
883bd65d-6bbc-40c6-b1de-185acc422988,retail.prof,premium,340.72,340.72,high,low,6,spaceship,,,28/09/2026 06:47
c168f585-b3e3-4fe0-acd1-9fa6f8a123a3,store.boston,premium,242,21.24,high,medium,5,namesilo,,,24/09/2026 16:58
7bfde309-da02-4653-87ad-20832bf7e367,store.racing,premium,130,130,high,medium,5,namecheap,,,24/09/2026 16:58
fd04ee9d-e2fd-4f34-bf8e-0e3a7ac92fa0,retail.airforce,available,109.98,134.98,high,low,6,namecheap,,,28/09/2026 06:47
e3477938-fabf-43b6-91f3-915c8a4ede6b,store.actor,available,16.99,44.49,high,medium,5,namesilo,,,24/09/2026 16:58
a7700b2e-9ce6-4ee7-91d7-7ba9e9ecd191,retail.ryukyu,available,17.98,22.98,high,low,6,namecheap,,,28/09/2026 06:47
10d0cd4c-698a-4477-87a0-b6726eb92e51,store.college,premium,3450,3450,high,medium,5,namesilo,,,24/09/2026 16:58
75fccaf0-1d1d-4cdc-9220-31e69a9fcc66,store.garden,resell,,,high,medium,5,"Spaceship, Inc.",19/05/2021 20:56,19/05/2027 20:56,26/09/2026 09:19
246fde11-31fc-4047-ae01-8f87b18d554b,retail.vacations,available,30.2,30.2,high,low,6,cloudflare,,,28/09/2026 06:47
d2ab7ee5-e23c-447e-94e8-8a63b64b5176,retail.fashion,resell,,,high,low,6,"Spaceship, Inc.",23/04/2021 16:00,23/04/2027 16:00,28/09/2026 06:47
fd025fe8-0424-42fd-9903-c3091998ccd5,retail.forsale,premium,1107,1107,high,low,6,namesilo,,,28/09/2026 06:47
77dac945-44c2-4883-afd2-d647a75202c0,store.how,premium,423.75,423.75,high,medium,5,name.com,,,24/09/2026 16:58
4688a6b9-8b9a-4437-8d49-4be995b284cc,store.camp,premium,512,512,high,medium,5,namesilo,,,24/09/2026 16:58
9dfaac77-1d66-4319-82e7-bcb1fef8fd6d,retail.bayern,available,34.99,34.99,high,low,6,namesilo,,,28/09/2026 06:47
482be209-1d69-43c2-8308-ad5367a5641c,retail.green,premium,1995,1995,high,low,6,namesilo,,,28/09/2026 06:47
dcbf331d-904b-4088-86a7-9b912f2cbf7f,retail.cars,available,1999.99,2199,high,low,6,namesilo,,,28/09/2026 06:47
b79e11cd-dfce-4c53-a504-adb4fa6a2cf5,retail.press,premium,1107,1107,high,low,6,namesilo,,,28/09/2026 06:47
a734e3de-250d-42f4-a164-8f44e9c20341,store.bar,premium,1152,1152,high,medium,5,namesilo,,,24/09/2026 16:58
37215cd1-c37f-4e79-8e8f-8229cbf4ef8a,store.network,resell,,,high,medium,5,"NameSilo, LLC",02/03/2021 00:31,02/03/2027 00:31,26/09/2026 09:19
1753bb99-6712-41c9-9442-a245fe6e2dc9,retail.coffee,resell,,,high,low,6,"Spaceship, Inc.",03/09/2026 17:01,03/09/2027 17:01,28/09/2026 06:47
398cf41a-d242-423b-8d77-20cdf6046577,store.clinic,premium,78.54,78.54,high,medium,5,namesilo,,,24/09/2026 16:58
848cb432-473f-4d8c-9e53-4b989f669f83,retail.fan,premium,108.9,108.9,high,low,6,dynadot,,,28/09/2026 06:47
2352ab75-c192-4dc8-a7cb-08d10489ba46,retail.car,available,2070,2400,high,low,6,namecheap,,,28/09/2026 06:47
c0010c05-41a2-4c70-b13f-9425e8888650,store.moda,premium,123.75,123.75,high,medium,5,name.com,,,24/09/2026 16:58
678c1f1d-33f7-4327-b9e5-235d08db1785,retail.channel,premium,257.92,257.92,high,low,6,spaceship,,,28/09/2026 06:47
76a3d4af-c0f3-4be6-8fff-298678a28786,store.digital,resell,,,high,medium,5,"GoDaddy.com, LLC",30/08/2016 13:28,30/08/2027 13:28,26/09/2026 09:19
08e2d37a-0112-4e49-9fcc-8c3176ff59c0,retail.link,premium,1638.01,1638.01,high,low,6,porkbun,,,28/09/2026 06:47
c2a4dd5e-7559-4156-8c8e-2277fa67968f,retail.info,resell,4145.75,,high,low,6,Porkbun LLC,13/07/2002 19:30,13/07/2027 19:30,28/09/2026 06:47
84950410-82a0-496e-a312-623a78f9fc1a,retail.nyc,resell,,,high,low,6,"Global Domains International, Inc. DBA DomainCostClub.com",09/12/2020 20:59,09/12/2027 20:59,28/09/2026 06:47
b81c90c4-338c-4783-a635-d2cb5a7b6019,store.healthcare,resell,,,high,medium,5,Porkbun LLC,07/04/2024 15:15,07/04/2027 15:15,26/09/2026 09:19
75b96655-eef5-4743-8054-24b60a96ae80,store.wiki,resell,,,high,medium,5,"Chengdu West Dimension Digital Technology Co., Ltd.",05/03/2024 00:00,05/03/2027 00:00,26/09/2026 09:19
7bb3640c-34cb-45da-bb50-c4569692345b,retail.mobi,resell,,,high,low,6,"Sav.com, LLC - 20",09/03/2026 15:15,09/03/2027 15:15,28/09/2026 06:47
2bfc9c0d-61e0-4c3e-85c3-5f42e24130e1,store.ong,available,18.98,24.98,high,medium,5,namecheap,,,24/09/2026 16:58
af06cdfc-6c3f-42c1-9dd4-b17cf3c4125a,store.tattoo,resell,,,high,medium,5,"Spaceship, Inc.",01/03/2026 14:09,01/03/2027 14:09,26/09/2026 09:19
7b89f1cd-c719-4c58-88e4-235f9862efd5,retail.bargains,available,17.99,26.49,high,low,6,namesilo,,,28/09/2026 06:47
6b00c644-3a86-453d-984d-069667c08ae6,store.cars,available,2999.99,3799.99,high,medium,5,name.com,,,24/09/2026 16:58
03e34bfc-3531-434e-8250-d464af1487f5,store.gift,premium,150,150,high,medium,5,name.com,,,24/09/2026 16:58
eb91036e-a1c4-42ae-8c1d-a930a05f2e6e,store.fyi,resell,,,high,medium,5,Dynadot Inc,05/10/2023 03:00,05/10/2028 03:00,26/09/2026 09:19
02ee0fa7-cd13-464a-a277-f0fcc113c0ea,retail.xxx,available,51.95,98.53,high,low,6,spaceship,,,28/09/2026 06:47
164399f9-9c64-4e66-bfe6-9e589f884ca3,retail.lawyer,available,51.58,51.58,high,low,6,dynadot,,,28/09/2026 06:47
44a9a712-6b28-4192-9883-22008daddc27,store.business,resell,,,high,medium,5,"Sav.com, LLC",04/04/2017 17:54,04/04/2027 17:54,26/09/2026 09:19
a74cb39d-b85b-427e-8f92-10d0b83dce48,retail.meme,premium,672.95,672.95,high,low,6,spaceship,,,28/09/2026 06:47
5d587fbc-8d34-47a8-b553-031413b1c53d,retail.surf,premium,83,26.08,high,low,6,spaceship,,,28/09/2026 06:47
2a015bcb-25c4-4a95-bb4d-7eede0410718,retail.moi,available,25.99,25.99,high,low,6,namesilo,,,28/09/2026 06:47
de15e422-f174-4591-9818-5db14965efaf,store.diy,premium,91,130,high,medium,5,namecheap,,,24/09/2026 16:58
e6210e3a-1fb2-479b-862a-a62fa7d35138,store.vet,premium,118.8,118.8,high,medium,5,namesilo,,,24/09/2026 16:58
0a980f04-726e-4ef4-810c-5d0fc967fe0e,retail.deal,premium,103.7,103.7,high,low,6,spaceship,,,28/09/2026 06:47
37cd5bdf-f6c8-496b-a5bf-935e5bf2902a,store.you,premium,650,650,high,medium,5,namecheap,,,24/09/2026 16:58
869d1d65-e34e-41ff-90f7-45ac2a336b7d,shop.forsale,premium,1107,1107,high,medium,4,namesilo,,,24/09/2026 21:43
7ffdfc3c-41a2-455f-9671-53a77d395bc8,retail.hiv,available,184.9,184.9,high,low,6,spaceship,,,28/09/2026 06:47
5cea7741-f3b5-4832-9f36-eb6dd7e8cc70,retail.equipment,available,28.99,28.99,high,low,6,namesilo,,,28/09/2026 06:47
20bdb422-17af-4174-b2be-87884260d476,retail.blue,available,13.06,20.55,high,low,6,dynadot,,,28/09/2026 06:47
6b2acd5e-81b4-47f5-bdbc-50c686deec98,retail.movie,available,46,349.99,high,low,6,unstoppable,,,28/09/2026 06:47
c3329476-7e61-441a-aeee-bb2a6b994d7d,store.florist,premium,118.8,118.8,high,medium,5,namesilo,,,24/09/2026 16:58
23af49fa-318b-4c50-8cdc-9f9c89162c4c,store.contractors,available,35.49,35.49,high,medium,5,namesilo,,,24/09/2026 16:58
0fe938dc-0aee-4a87-9d88-3d13b5949198,retail.christmas,available,1.24,31.16,high,low,6,spaceship,,,28/09/2026 06:47
8f287566-d2f3-4bab-ab84-871aa3590a49,store.holdings,available,64.99,64.99,high,medium,5,namesilo,,,24/09/2026 16:58
2d817eb1-2dfd-437a-a722-aa01c2c9a251,store.cruises,available,56.99,56.99,high,medium,5,namesilo,,,24/09/2026 16:58
e69c927e-0440-4bd5-93e0-41f0c48b6477,retail.republican,available,25.2,25.2,high,low,6,cloudflare,,,28/09/2026 06:47
47450f4d-c013-4a94-b8ed-982439137a2a,store.audio,premium,2660,2660,high,medium,5,namesilo,,,24/09/2026 16:58
6e1ffe88-b41f-45b1-8a8b-6c7ec185fc46,retail.sexy,available,2998,3298,high,low,6,namecheap,,,28/09/2026 06:47
b4007bb3-4d21-41cb-96d3-d726760101ef,retail.condos,available,46.78,46.78,high,low,6,spaceship,,,28/09/2026 06:47
65ccb242-7ea4-4df7-b9b3-ff249fcef506,store.ltd,resell,,,high,medium,5,"DNSPod, Inc.",22/06/2016 16:00,22/06/2036 16:00,26/09/2026 09:19
6ed3a928-9efd-490c-816f-c3fb2600d3b6,store.to,resell,,,high,medium,5,Tonic,30/01/2018 02:17,02/02/2027 03:27,26/09/2026 09:19
98ab45fc-368a-4c15-819f-daa2658f9c85,store.lol,premium,832,832,high,medium,5,namesilo,,,24/09/2026 16:58
1e8c73f4-89a0-4171-b343-3b990da43e4c,store.singles,resell,,,high,medium,5,"Global Domains International, Inc. DBA DomainCostClub.com",23/02/2026 15:15,23/02/2027 15:15,26/09/2026 09:19
33452c39-8c28-4c54-8509-bd9bb2170f70,store.vc,resell,,,high,medium,5,"Network Solutions, LLC",19/03/2015 15:16,19/03/2027 15:16,26/09/2026 09:19
5576b235-9f54-46c5-a8d7-fc5380ba1f97,retail.porn,available,95.2,95.2,high,low,6,cloudflare,,,28/09/2026 06:47
35d65d79-4873-4ff3-83b7-84a40624e117,retail.fishing,available,26.08,26.08,high,low,6,spaceship,,,28/09/2026 06:47
e64328b4-0723-4d92-a71a-84352326c143,store.furniture,resell,,,high,medium,5,"Sav.com, LLC",14/01/2021 08:19,14/01/2027 08:19,26/09/2026 09:19
8899e65d-c3e1-4459-b207-a3d11f414e48,retail.lgbt,premium,2000.5,2660,high,low,6,unstoppable,,,28/09/2026 06:47
e96d1fc6-768a-4802-bd67-a838ff2405ec,retail.haus,available,14.99,33.99,high,low,6,namesilo,,,28/09/2026 06:47
c92262ed-7873-444a-8d2a-3ece7e8f8789,store.maison,premium,118.8,118.8,high,medium,5,namesilo,,,24/09/2026 16:58
0fd26c91-b58d-4ab0-b9f0-938a9895295a,store.yoga,resell,,,high,medium,5,"Spaceship, Inc.",02/03/2025 00:00,02/03/2027 00:00,26/09/2026 09:19
611e023f-3f2a-4dfe-85c6-11dc649bd690,store.cam,premium,854,16.52,high,medium,5,namesilo,,,24/09/2026 16:58
b79f9314-7ab0-4e59-af20-55b1f2b3caac,retail.page,premium,323.7,323.7,high,low,6,namecheap,,,28/09/2026 06:47
4d8d67de-b26b-4351-95cd-cac26dabdd99,retail.marketing,resell,,,high,low,6,"Spaceship, Inc.",30/06/2020 14:11,30/06/2027 14:11,28/09/2026 06:47
3d5a70f5-7aa0-4782-9721-e540e6049be0,shop.moda,premium,854,854,high,medium,4,namesilo,,,24/09/2026 21:43
6e9747a6-cc11-408e-9a7c-031631b67c43,store.pet,premium,1107,1107,high,medium,5,namesilo,,,24/09/2026 16:58
0bde97ad-3de9-45ba-b6bb-c309b0d97124,store.llc,premium,650,650,high,medium,5,namecheap,,,24/09/2026 16:58
509772ac-db10-455f-896f-5b1ed1ccfeba,store.adult,resell,,,high,medium,5,"GoDaddy.com, LLC",15/11/2015 05:13,15/11/2026 05:13,26/09/2026 09:19
5ee5069d-75f2-4c7c-a571-417ec8ca6402,store.co,resell,569250,48.99,high,medium,5,Key-Systems GmbH,24/02/2010 23:38,23/02/2027 23:59,26/09/2026 09:19
23562390-bee0-4254-b6fa-15639f1a5922,store.insure,resell,,,high,medium,5,Edomains LLC,30/01/2024 15:15,30/01/2027 15:15,26/09/2026 09:19
5f1c4274-010d-49ae-b24d-838d9287734c,retail.lease,premium,414.2,414.2,high,low,6,spaceship,,,28/09/2026 06:47
fbbb0ac6-b215-46ab-8c0b-3a42f498bbb5,store.loans,resell,,,high,medium,5,"Sav.com, LLC - 25",27/03/2026 15:15,27/03/2027 15:15,26/09/2026 09:19
c3a9641d-a893-481c-8c4d-4e774cbd7072,retail.download,premium,103.7,26.08,high,low,6,spaceship,,,28/09/2026 06:47
fa14b222-b39c-4ee8-b1a6-3bd0b1f69cee,store.taxi,resell,,,high,medium,5,"Global Domains International, Inc. DBA DomainCostClub.com",24/05/2026 15:15,24/05/2027 15:15,26/09/2026 09:19
fb27792e-430d-4315-b21f-47871243cd62,shop.free,premium,20700,20700,high,medium,4,namesilo,,,24/09/2026 21:43
264ea2f0-10ca-4872-bed7-9a79d72fe948,retail.sucks,premium,2658.67,2658.67,high,low,6,namesilo,,,28/09/2026 06:47
9c3733c5-3971-4c92-915d-5397ce0a4c27,retail.mortgage,premium,440,440,high,low,6,dynadot,,,28/09/2026 06:47
c74ce520-7be7-41e0-9d70-de71d88394af,retail.giving,available,5.99,22.66,high,low,6,porkbun,,,28/09/2026 06:47
13fd69b6-217d-4b60-86f6-f562d056e1f9,retail.law,resell,,,high,low,6,"GoDaddy.com, LLC",21/05/2024 18:42,21/05/2028 18:42,28/09/2026 06:47
237d4ed6-89d1-4dea-9689-61c73252e1e4,store.courses,premium,125,125,high,medium,5,name.com,,,24/09/2026 16:58
67fd94a0-ac64-49fc-94fe-eec888096756,shop.website,premium,13800,13800,high,medium,4,namesilo,,,24/09/2026 21:43
04a442ef-b74a-4400-b7f5-a7f128cab9b0,retail.srl,premium,54.28,30.68,high,low,6,namesilo,,,28/09/2026 06:47
3e7ef933-43ce-4807-8bb3-63744e042631,retail.exposed,available,17.8,17.8,high,low,6,spaceship,,,28/09/2026 06:47
d162ac6f-e9d6-479d-a20f-5e5e2bcb3642,store.ngo,available,16.99,16.99,high,medium,5,name.com,,,24/09/2026 16:58
2175b8b9-0b00-4a4e-8378-0816f669022a,store.beauty,premium,11040,11040,high,medium,5,namesilo,,,24/09/2026 16:58
87e81d34-fa77-49a6-905e-50a1674be064,retail.ing,premium,3000.2,3900,high,low,6,unstoppable,,,01/10/2026 03:16
290be4d0-3bbf-47dc-a060-5627b5b8c14a,retail.vodka,premium,828.2,26.08,high,low,6,spaceship,,,28/09/2026 06:47
5e241bf8-5ee7-47bc-a1d7-eaacc74deb48,retail.dealer,premium,1604.45,2070.2,high,low,6,spaceship,,,28/09/2026 06:47
c62e1f36-bd52-4e57-82d8-42f95c54d43b,store.moe,premium,3588,14.16,high,medium,5,namesilo,,,24/09/2026 16:58
b0f6afbb-2925-4405-b995-3062173c146e,store.soccer,resell,,,high,medium,5,"Spaceship, Inc.",14/11/2024 15:15,14/11/2026 15:15,26/09/2026 09:19
ef98c38e-63c0-460a-9c04-fc2e7596f4b8,retail.expert,premium,78.54,78.54,high,low,6,namesilo,,,28/09/2026 06:47
e134ea58-4d65-43c6-9c0e-ccbd824960c1,store.ing,premium,1625,1625,high,medium,5,name.com,,,24/09/2026 16:58
6d9ef59e-0183-4c6c-9936-91635bbfeda0,retail.plumbing,available,56.2,56.2,high,low,6,cloudflare,,,28/09/2026 06:47
07f38cd5-390c-459b-9001-60de484b99da,store.university,premium,128.7,128.7,high,medium,5,namecheap,,,24/09/2026 16:58
8ae5047a-4d95-4c18-b77c-af6dd25641b3,store.green,premium,650,650,high,medium,5,namecheap,,,24/09/2026 16:58
d10fb565-9a04-422f-a557-9c8cbd587754,store.makeup,premium,10400,10400,high,medium,5,namecheap,,,24/09/2026 16:58
0b8973e4-77e8-4e60-a078-7c40609e7182,store.sydney,available,58,58,high,medium,5,namesilo,,,24/09/2026 16:58
2cdd0188-ee96-4c07-8005-fc28a5e3d55e,retail.rodeo,premium,218.86,11.44,high,low,6,porkbun,,,28/09/2026 06:47
1ece07fa-5b2c-48f8-936e-3ed4fa8fbaed,retail.casino,available,125.2,125.2,high,low,6,cloudflare,,,28/09/2026 06:47
82053d7f-7d4a-44ae-99a3-bdb9a65b46a4,retail.agency,resell,,,high,low,6,UM DOMAINS PTE. LTD,05/07/2026 15:15,05/07/2027 15:15,28/09/2026 06:47
4786c4ac-816e-491c-b6b2-87a27d8a13a2,store.hamburg,available,69.98,73.98,high,medium,5,namecheap,,,24/09/2026 16:58
c42267b0-5509-4102-8307-9b98dc0e5bbd,retail.memorial,available,41.6,41.6,high,low,6,spaceship,,,28/09/2026 06:47
9e3de2f6-0ff3-4c71-b052-92059ee32ee8,store.photo,premium,116,116,high,medium,5,namesilo,,,24/09/2026 16:58
271f267f-e225-4f67-9e1d-360bea7958eb,store.skin,premium,10400,10400,high,medium,5,namecheap,,,24/09/2026 16:58
55d55c15-d90b-4660-8232-0067de6154fb,retail.markets,premium,5500,5500,high,low,6,dynadot,,,28/09/2026 06:47
fbc78ec5-97f2-43e7-bfe6-2a0833464702,shop.beauty,premium,11040,11040,high,medium,4,namesilo,,,24/09/2026 21:43
d62958fb-f2f9-4217-8568-10ea9c85c29b,store.protection,available,2999.99,3799.99,high,medium,5,name.com,,,24/09/2026 16:58
af2eefc7-e05a-4bab-9a12-e877fefdab83,store.christmas,premium,2660,2660,high,medium,5,namesilo,,,24/09/2026 16:58
fa8d7ca2-a534-4d64-befc-95d398f5a55b,store.ooo,premium,18768,119.99,high,medium,5,namesilo,,,24/09/2026 16:58
77ed6230-4551-4b96-acbe-f94a91bf876e,shop.apartments,premium,118.8,118.8,high,medium,4,namesilo,,,24/09/2026 21:43
a1ecb359-f533-443f-91c2-fc7972efd0ba,store.cc,resell,,,high,medium,5,"Spaceship, Inc.",12/10/1997 04:00,12/10/2027 04:00,26/09/2026 09:19
4acc4a29-740d-4ee7-bca8-f4cf480d9208,store.bingo,resell,,,high,medium,5,Porkbun LLC,10/02/2023 00:57,10/02/2027 00:57,26/09/2026 09:19
e168f0ab-f4e7-4c26-a747-36cf4455d0f7,store.rodeo,premium,104,13,high,medium,5,namecheap,,,24/09/2026 16:58
68c666d9-4b27-430e-af17-7066e9c7b74b,store.doctor,resell,,,high,medium,5,"Global Domains International, Inc. DBA DomainCostClub.com",23/04/2026 15:15,23/04/2027 15:15,26/09/2026 09:19
ea7b41a0-37ea-4a30-96dc-602a618e286b,shop.motorcycles,premium,832,832,high,medium,4,namesilo,,,24/09/2026 21:43
e0878c52-a968-496e-bc95-64f47e6ba369,store.theatre,available,509.99,529.99,high,medium,5,namesilo,,,24/09/2026 16:58
5cb13989-f467-4c5b-af3f-ff36765f547c,shop.red,premium,5520,5520,high,medium,4,namesilo,,,24/09/2026 21:43
f23777de-fbc9-466f-8bf0-c6d7184b8294,store.delivery,premium,78.54,78.54,high,medium,5,namesilo,,,24/09/2026 16:58
62184857-8c2a-49a1-99f7-6eefba8ec8e5,store.diamonds,premium,512,512,high,medium,5,namesilo,,,24/09/2026 16:58
98f6ae86-1798-4d45-bf1a-31a035f6de9f,retail.rsvp,premium,257.92,257.92,high,low,6,spaceship,,,28/09/2026 06:47
fa47204b-350a-4f66-8809-d326ffbd3e65,store.nyc,premium,3450,29.5,high,medium,5,namesilo,,,24/09/2026 16:58
592dfc32-7743-4c10-87dc-fd09e0293963,store.webcam,premium,130,32.5,high,medium,5,namecheap,,,24/09/2026 16:58
cf4f5853-0285-4dc7-b640-15a43065ee0d,retail.events,resell,,,high,low,6,"Sav.com, LLC - 6",08/09/2026 15:15,08/09/2027 15:15,28/09/2026 06:47
fd9f1d80-ac1b-45b0-bcac-572d9c5d7b1b,retail.wedding,premium,520,32.5,high,low,6,namecheap,,,28/09/2026 06:47
bda72d77-0bb1-439b-a6d3-6d058d726acf,retail.fans,premium,242,242,high,low,6,namesilo,,,28/09/2026 06:47
47d500b6-52e4-4704-b2cc-c566ffaf52e8,retail.productions,available,5.89,32.29,high,low,6,spaceship,,,28/09/2026 06:47
e8678cff-6ca6-4608-a913-71eb9e56664d,shop.exposed,premium,118.8,118.8,high,medium,4,namesilo,,,24/09/2026 21:43
fcd6ab7c-5d5b-472e-b668-ea53e74e8a93,retail.navy,available,34.27,34.27,high,low,6,dynadot,,,28/09/2026 06:47
e22b117b-903d-4d35-bb02-9801cda27b91,store.gratis,premium,123.75,123.75,high,medium,5,name.com,,,24/09/2026 16:58
b4999df4-ff45-4818-8ad8-730bd82862bf,store.diet,available,299.99,299.99,high,medium,5,name.com,,,24/09/2026 16:58
e485929c-6bf4-4e1c-822d-9b6a24d56e66,retail.world,resell,,,high,low,6,"Spaceship, Inc.",14/01/2015 16:00,14/01/2027 16:00,28/09/2026 06:47
d38d1b92-8e7e-4ec8-9c28-23c2505faf0f,retail.technology,resell,,,high,low,6,Dynadot Inc,04/05/2022 13:15,04/05/2027 13:15,28/09/2026 06:47
3ad196eb-65cf-4b06-af34-b18a4c127a6e,store.hospital,resell,,,high,medium,5,Porkbun LLC,19/03/2017 16:00,19/03/2027 16:00,26/09/2026 09:19
ba036db9-243f-4928-be1d-e55b45d3143d,retail.supplies,premium,78.54,78.54,high,low,6,namesilo,,,28/09/2026 06:47
ae278989-2533-4dd3-adad-9a3e08473aa1,store.website,premium,3450,3450,high,medium,5,namesilo,,,24/09/2026 16:58
33334c37-3f28-4ab6-ab38-071cbab2eb3f,shop.ltd,resell,,,high,medium,4,"Chengdu West Dimension Digital Technology Co., Ltd.",19/06/2016 16:00,19/06/2029 16:00,26/09/2026 08:59
3c4a1cae-8373-4b62-8c65-a59962d1f99b,retail.horse,premium,47.2,29.5,high,low,6,namesilo,,,28/09/2026 06:47
723a429f-4bdd-4e98-b6ed-5355edfad77e,retail.claims,available,11.98,82.98,high,low,6,namecheap,,,28/09/2026 06:47
62c662c0-9c23-4fbe-86ce-66cbfd0e2c17,retail.school,resell,,,high,low,6,"Xiamen ChinaSource Internet Service Co., Ltd",14/07/2024 15:15,14/07/2027 15:15,28/09/2026 06:47
669133aa-135a-4b33-8d6f-2396d009fecd,store.porn,premium,322.4,322.4,high,medium,5,namecheap,,,24/09/2026 16:58
6fb68047-a635-4bee-ba8b-8e073e3c99ad,retail.film,premium,116,116,high,low,6,namesilo,,,28/09/2026 06:47
0147911f-af18-4b05-a8f6-a23c072228b3,retail.ltda,premium,56.64,33.04,high,low,6,namesilo,,,28/09/2026 06:47
da747c69-8348-4759-adda-c483a62773e0,retail.florist,available,32.99,32.99,high,low,6,namesilo,,,28/09/2026 06:47
cedbbccd-e504-44ed-9cb5-ab44d1df6370,retail.space,premium,10000.2,13800,high,low,6,unstoppable,,,28/09/2026 06:47
73844abe-75ba-4214-b6de-970bfa445a85,retail.finance,resell,,,high,low,6,Dynadot Inc,11/02/2018 09:13,11/02/2027 09:13,28/09/2026 06:47
33840396-5648-4699-99e2-e583d12cb6a8,store.ski,premium,1118,1118,high,medium,5,namecheap,,,24/09/2026 16:58
67471cae-5d35-45e3-9258-b9e7e2a2f2a4,retail.tv,resell,,,high,low,6,Dynadot Inc,27/03/2010 21:36,27/03/2027 21:36,28/09/2026 06:47
82bfb370-64cc-4e73-be6a-a3d2c463af36,store.desi,available,19.98,22.98,high,medium,5,namecheap,,,24/09/2026 16:58
4a4a2ca4-4d8e-4a1c-b9d5-f8282d2de3dd,retail.moda,available,32.2,32.2,high,low,6,cloudflare,,,28/09/2026 06:47
75f6cea1-ac3b-4bba-ba26-ee64a380525a,store.life,resell,,,high,medium,5,"Xiamen ChinaSource Internet Service Co., Ltd",14/09/2019 18:01,14/09/2027 18:01,26/09/2026 09:19
fcd506dc-a368-4c4e-8716-dc26d3b71f09,shop.auction,premium,1107,1107,high,medium,4,namesilo,,,24/09/2026 21:43
324aac91-ca75-49b2-b249-fae6f83e0db7,store.ink,resell,,,high,medium,5,West263 International Limited,02/02/2024 00:00,02/02/2028 00:00,26/09/2026 09:19
faa8c53c-38e9-4d58-b5bf-0dc572b03c42,store.financial,resell,,,high,medium,5,Edomains LLC,10/04/2020 23:19,10/04/2027 23:19,26/09/2026 09:19
2527ff36-3dc7-4ab1-8910-5dce737d924a,store.social,resell,,,high,medium,5,"Sav.com, LLC",28/11/2022 10:59,28/11/2026 10:59,26/09/2026 09:19
694e6ccb-a053-4385-a1e5-3a4933f61ab9,retail.cash,premium,242,242,high,low,6,namesilo,,,28/09/2026 06:47
5c286768-4d3c-4b62-92d4-3ace1a5d1393,retail.computer,available,30.2,30.2,high,low,6,cloudflare,,,28/09/2026 06:47
a1e68edb-ffec-4b1e-b4ee-cf5dd37e75ba,retail.uno,premium,1035.2,1035.2,high,low,6,spaceship,,,28/09/2026 06:47
962194e4-a65a-455d-8233-0eda30d83ecb,shop.pics,resell,,,high,medium,4,Dynadot Inc,11/09/2026 12:12,11/09/2027 23:59,26/09/2026 08:59
9a4575d1-517e-44ac-a118-956f406ae4c0,retail.cx,resell,,,high,low,6,CentralNic Ltd,02/03/2024 22:24,02/03/2027 22:24,28/09/2026 06:47
f9590658-1c78-4edc-9db5-eae94bc0305e,retail.voto,available,26.5,86.98,high,low,6,unstoppable,,,28/09/2026 06:47
07f0ad22-8a3e-4e25-9943-3bc1c2aa2cfd,retail.miami,premium,207.2,18.83,high,low,6,spaceship,,,28/09/2026 06:47
6b4f535e-c260-4687-a91c-1eaa9e874c99,shop.skin,premium,11040,11040,high,medium,4,namesilo,,,24/09/2026 21:43
e5469b3b-e05b-4ad6-a8c7-eca0b1f2ffc6,retail.furniture,available,26.5,94.99,high,low,6,unstoppable,,,28/09/2026 06:47
97ecac68-de57-47e5-9f70-ee2fd357ff94,shop.sh,resell,,,high,medium,4,"GoDaddy.com, LLC",13/07/2001 14:56,12/10/2027 00:30,26/09/2026 09:00
a5e578f3-ec69-49c8-bd3a-f52cd6284fac,shop.desi,available,19.98,22.98,high,medium,4,namecheap,,,24/09/2026 21:43
f5792e49-4dff-427b-8d63-ca928e3003c1,retail.degree,available,52.99,52.99,high,low,6,namesilo,,,28/09/2026 06:47
0ab906f3-e92d-48f9-a084-9b654f4ad56b,store.rich,available,149.99,299.99,high,medium,5,name.com,,,24/09/2026 16:58
a5e0fcbc-e92a-400d-983c-c3badd81d942,shop.wedding,premium,512,29.5,high,medium,4,namesilo,,,24/09/2026 21:43
2f8e7bf8-b2e0-46ee-bbf9-815f91014398,retail.lifestyle,premium,640,640,high,low,6,namesilo,,,28/09/2026 06:47
4e9423a5-43a6-4ec1-9a7a-df0a24baee2f,retail.tax,premium,109.53,218.86,high,low,6,porkbun,,,28/09/2026 06:47
9ad68e20-337c-4c6d-8b5e-ff18f82a2d94,shop.adult,resell,,,high,medium,4,"Name.com, Inc.",09/06/2017 14:29,09/06/2027 14:29,26/09/2026 08:59
0ef98f79-de3d-48f4-b7e8-3245d828e0a4,store.moi,available,25.99,25.99,high,medium,5,namesilo,,,24/09/2026 16:58
34e2cb11-52e2-4829-bb38-9785c9677f4d,store.bet,premium,2500,2500,high,medium,5,name.com,,,24/09/2026 16:58
178ea3ad-2326-4bcb-8b1b-92796d9be3e2,store.srl,premium,54.28,30.68,high,medium,5,namesilo,,,24/09/2026 16:58
66ac1076-7489-428d-942d-907969a06cfb,shop.cloud,premium,5200,26000,high,medium,4,namecheap,,,24/09/2026 21:43
08636f86-cdcd-432d-81af-deb398f6636b,store.auction,premium,512,512,high,medium,5,namesilo,,,24/09/2026 16:58
c77076ef-cb96-4135-beb7-af6db73e9c67,retail.email,resell,,,high,low,6,"Spaceship, Inc.",18/07/2026 17:02,18/07/2027 17:02,28/09/2026 06:47
3c42f386-382c-4722-a8bf-1b2590ba9ebd,retail.theatre,available,538.98,620,high,low,6,namecheap,,,28/09/2026 06:47
5d3ba64b-f664-47b2-bab8-d287f1e5ed51,shop.dad,premium,1298.7,1298.7,high,medium,4,namecheap,,,24/09/2026 21:43
f98c236e-2d27-40fe-b3a0-2968c1a376c0,store.exposed,premium,260,260,high,medium,5,namecheap,,,24/09/2026 16:58
c78fca95-9270-4886-8c0e-cd94df73aa63,retail.tattoo,available,2.98,48.98,high,low,6,namecheap,,,28/09/2026 06:47
84c7e0b5-590e-42c5-afff-4d817195c751,shop.rentals,premium,128.7,128.7,high,medium,4,namecheap,,,24/09/2026 21:43
9609c1d5-066c-4a5c-a30e-0967a9c10ab3,retail.hot,premium,116,116,high,low,6,namesilo,,,28/09/2026 06:47
357b3897-3589-4737-9874-d88ca223f540,retail.beauty,premium,832,832,high,low,6,namesilo,,,28/09/2026 06:47
9b0052d1-b041-4629-9301-0e9000b316ca,retail.kitchen,available,10.99,64.99,high,low,6,namesilo,,,28/09/2026 06:47
b2fc2bd8-66ca-4f18-b62c-935bcf31554d,shop.realty,premium,6900,6900,high,medium,4,namesilo,,,24/09/2026 21:43
fa20a570-cd59-44f1-be2b-ba6cba918933,store.expert,premium,854,854,high,medium,5,namesilo,,,24/09/2026 16:58
e55cc5f9-209f-4d1a-b0f0-88945210a14a,retail.fish,available,36.43,36.43,high,low,6,spaceship,,,28/09/2026 06:47
fe0aa3e5-10be-4aa7-bfda-81e44f7b24c1,retail.photos,available,7.96,24.01,high,low,6,spaceship,,,28/09/2026 06:47
bb54187b-0658-4b59-b7f0-4469e4f64225,retail.inc,premium,2061.5,2660,high,low,6,namesilo,,,28/09/2026 06:47
e41c5c12-0286-4195-8b9d-28458cea6243,shop.luxe,premium,5520,17.7,high,medium,4,namesilo,,,24/09/2026 21:43
2484bb8f-1f85-4801-967b-738f4499bf2b,retail.jewelry,available,64.99,64.99,high,low,6,namesilo,,,28/09/2026 06:47
d75e475b-4fec-4f28-bd84-ecca3bf46e81,store.marketing,resell,,,high,medium,5,Dynadot Inc,24/11/2017 23:25,24/11/2026 23:25,26/09/2026 09:19
4575d288-399c-4919-bd29-3c9f786e2e45,shop.loan,premium,13800,116,high,medium,4,namesilo,,,24/09/2026 21:43
0ad94b70-a594-4193-9688-0f1b28365b4a,retail.group,resell,,,high,low,6,"GoDaddy.com, LLC",08/06/2016 16:00,08/06/2027 16:00,28/09/2026 06:47
f3a2d223-14b1-401b-9948-d72e958ce04b,retail.storage,available,500.2,500.2,high,low,6,cloudflare,,,28/09/2026 06:47
a3c8d9d2-2bad-42cb-9510-bfcbe11316a7,shop.city,resell,,,high,medium,4,"Spaceship, Inc.",05/08/2015 14:55,05/08/2027 14:55,26/09/2026 08:59
9148d3d6-87c9-4dfe-8581-1523dcb54fe3,store.film,premium,116,116,high,medium,5,namesilo,,,24/09/2026 16:58
a9ae7db7-7b7e-4a8b-a3ec-dc2d2963d94b,shop.space,premium,6900,6900,high,medium,4,namesilo,,,24/09/2026 21:43
cd101165-8309-4797-a709-972e0e9de0cd,store.forex,available,19.99,129.99,high,medium,5,name.com,,,24/09/2026 16:58
62fae189-5fd9-468c-9a71-30c6199432bc,retail.mom,premium,672.95,672.95,high,low,6,spaceship,,,28/09/2026 06:47
496c1f95-7c72-4fd0-88bd-d864cdc3eb5b,store.events,premium,118.8,118.8,high,medium,5,namesilo,,,24/09/2026 16:58
c98bc490-53c7-4d20-bd89-8493e7ec1a3f,shop.fast,premium,6900,6900,high,medium,4,namesilo,,,24/09/2026 21:43
5f792b0f-680b-46f4-984d-abbb3479151a,retail.cooking,available,33.98,43.98,high,low,6,namecheap,,,28/09/2026 06:47
748cacfb-6e33-4b3b-bb89-0b2ef08c852e,retail.ngo,available,15.2,15.2,high,low,6,cloudflare,,,28/09/2026 06:47
47c2b738-ec8c-42df-8588-08d9b73eb53d,retail.legal,available,55.2,55.2,high,low,6,cloudflare,,,28/09/2026 06:47
3524b5b7-bc4b-4150-acb6-338afbaec11d,shop.productions,premium,118.8,118.8,high,medium,4,namesilo,,,24/09/2026 21:43
5becd573-2d72-4bc1-901c-88960a49ee3e,shop.biz,resell,,,high,medium,4,"GoDaddy.com, LLC",27/03/2002 03:08,26/03/2027 23:59,26/09/2026 08:59
766ec364-2a07-46b9-8a0e-95530a4d5599,retail.win,premium,362.45,51.95,high,low,6,spaceship,,,28/09/2026 06:47
7baa3053-8b82-4d22-b9a4-9f460dcbeb5b,retail.holiday,available,67.98,81.98,high,low,6,namecheap,,,28/09/2026 06:47
2770c4ef-6598-4b2b-90b1-ddb1eed3da68,retail.voyage,available,46.78,46.78,high,low,6,spaceship,,,28/09/2026 06:47
ad20f92c-5380-49ea-97ec-3296bca77cae,retail.irish,available,7.49,22.49,high,low,6,namesilo,,,28/09/2026 06:47
73dfe5da-8a5b-4c7a-9106-4b3a9104216d,retail.charity,available,5.99,22.66,high,low,6,porkbun,,,28/09/2026 06:47
f3a0577c-beaf-4dc9-8974-325cc80e9b62,store.pizza,resell,,,high,medium,5,Edomains LLC,21/02/2023 15:15,21/02/2027 15:15,26/09/2026 09:19
62855b5b-3ac4-4ee0-8619-d96ddd17b25b,retail.flights,available,20.9,46.78,high,low,6,spaceship,,,28/09/2026 06:47
58de0135-2e58-4d55-b25d-5f3d0b30a091,retail.webcam,premium,116,29.5,high,low,6,namesilo,,,28/09/2026 06:47
5719c92c-3150-4b4a-8c59-85a3fa2b2e17,store.bio,resell,,,high,medium,5,"Spaceship, Inc.",12/03/2024 15:15,12/03/2027 15:15,26/09/2026 09:19
f9102b2f-10c7-430c-956a-3ea4b422d31b,retail.dating,available,50.2,50.2,high,low,6,cloudflare,,,28/09/2026 06:47
980c5206-e5ce-4595-bc07-9be06877adc3,store.dental,available,78.99,78.99,high,medium,5,namesilo,,,24/09/2026 16:58
0eaaec06-6a4d-4c42-840f-a7f112eeae6c,shop.club,resell,,,high,medium,4,"Spaceship, Inc.",08/02/2019 15:59,08/02/2027 15:59,26/09/2026 08:59
a1d64f27-160c-433b-9014-dbe386829f98,retail.ac,available,25.88,46.58,high,low,6,spaceship,,,28/09/2026 06:47
65ad7198-d1e8-43c4-af55-31719f0d4a24,store.blog,premium,3145,12500,high,medium,5,name.com,,,24/09/2026 16:58
473dd3ed-87bb-4405-8c49-c747239fae87,store.reviews,premium,512,512,high,medium,5,namesilo,,,24/09/2026 16:58
51a67910-b8a5-41a1-aaff-3cda67701a3e,shop.family,premium,1107,1107,high,medium,4,namesilo,,,24/09/2026 21:43
e1196b99-154b-4212-aac9-4195325a8706,retail.dance,available,16.99,27.49,high,low,6,namesilo,,,28/09/2026 06:47
f12b04be-fa17-4272-8b5a-eb65aee18623,shop.video,premium,3450,3450,high,medium,4,namesilo,,,24/09/2026 21:43
95221017-fb5f-491e-b610-4ae85619e4c4,store.productions,premium,85.8,85.8,high,medium,5,namecheap,,,24/09/2026 16:58
02f3a472-8c9e-45b6-ac4a-a25f0903e70f,store.autos,premium,812.5,812.5,high,medium,5,name.com,,,24/09/2026 16:58
c1f850a3-ac0a-467c-a61b-4daba0de0973,retail.auto,available,1999.99,2199,high,low,6,namesilo,,,28/09/2026 06:47
c82ebd52-b275-4a7c-a606-0816eecdffd4,store.creditcard,premium,242,242,high,medium,5,namesilo,,,24/09/2026 16:58
d272c729-66be-4722-bee3-c4e28e2b16bc,retail.social,premium,72.6,72.6,high,low,6,dynadot,,,28/09/2026 06:47
f64095bc-8c6c-4a78-b885-7cd1dafc1c06,retail.loans,available,15.73,93.35,high,low,6,spaceship,,,28/09/2026 06:47
b3e8050e-dc25-4e50-95df-a7b9fec3f532,shop.makeup,premium,10400,10400,high,medium,4,namecheap,,,24/09/2026 21:43
d504321d-832b-4fc5-b084-236dcc8746a5,shop.tattoo,resell,,,high,medium,4,"Spaceship, Inc.",01/03/2026 14:07,01/03/2027 14:07,26/09/2026 09:00
c213e423-f2fe-4ffd-a9c2-17a5d123b340,retail.auction,premium,512,512,high,low,6,namesilo,,,28/09/2026 06:47
d7fedf85-ae75-49a4-8169-464bb6232a92,retail.reisen,available,16.99,16.99,high,low,6,porkbun,,,28/09/2026 06:47
358f8157-f1e6-46de-b1c2-aa345f8ba69b,store.place,resell,,,high,medium,5,"Sav.com, LLC",27/02/2018 08:17,27/02/2027 08:17,26/09/2026 09:19
111593b7-4d19-4cf7-9b81-fdbc857080b6,store.careers,premium,520,520,high,medium,5,namecheap,,,24/09/2026 16:58
033bfd86-e0d0-45fb-9d00-01d0361b8709,store.fail,premium,78.54,78.54,high,medium,5,namesilo,,,24/09/2026 16:58
e086297a-8290-4cbc-91f5-4f432838cd59,store.esq,premium,843.7,843.7,high,medium,5,namecheap,,,24/09/2026 16:58
fd408cdb-07bf-4f87-bd74-755e3bdbe557,retail.associates,premium,78.54,78.54,high,low,6,namesilo,,,28/09/2026 06:47
50c146ed-00c4-439a-bbe8-31f8398af339,retail.london,premium,548.24,27.61,high,low,6,spaceship,,,28/09/2026 06:47
aef3c195-1c23-4b06-9f6f-8891ec336556,retail.one,premium,517.7,517.7,high,low,6,spaceship,,,28/09/2026 06:47
927125f5-7d40-487c-8335-10756f9b1d54,retail.zip,premium,516.67,516.67,high,low,6,spaceship,,,28/09/2026 06:47
49a22798-29b9-4647-97a5-f30ab33f6627,store.sexy,premium,13800,13800,high,medium,5,namesilo,,,24/09/2026 16:58
821d0276-6813-4038-b805-9c94ff4ce3eb,retail.dental,available,78.99,78.99,high,low,6,namesilo,,,28/09/2026 06:47
8060737f-d29d-4c9a-8429-340147eb65b1,retail.shoes,available,34.98,81.98,high,low,6,namecheap,,,28/09/2026 06:47
1f1061be-34d5-4b17-a231-75b3c9149e01,shop.news,premium,650,1300,high,medium,4,namecheap,,,24/09/2026 21:43
8f65c4e8-9a8d-4fb5-af4e-e9ae4a4ecc8d,retail.skin,premium,715,715,high,low,6,dynadot,,,28/09/2026 06:47
59bf248c-a932-489c-91eb-e9db16ca53e8,retail.ai,resell,,,high,low,6,"NameCheap, Inc.",15/12/2017 22:39,11/05/2027 22:39,28/09/2026 06:47
49733be1-a88a-4c8f-b744-a03b546036b7,retail.fund,premium,1040,1040,high,low,6,namecheap,,,28/09/2026 06:47
85aba7f7-0a42-4ec7-97ce-3f2a78b924bd,retail.diy,premium,455,650,high,low,6,namecheap,,,28/09/2026 06:47
ecb422cf-c742-4855-9b3f-46e659507b48,store.restaurant,resell,,,high,medium,5,"Global Domains International, Inc. DBA DomainCostClub.com",09/02/2026 15:15,09/02/2027 15:15,26/09/2026 09:19
b2da64f2-870a-41c3-b2b4-891093b75912,shop.deal,premium,27600,27600,high,medium,4,namesilo,,,24/09/2026 21:43
1a3903d1-d58a-465d-a95d-327f30838ee4,store.surf,resell,,,high,medium,5,"Spaceship, Inc.",11/04/2024 02:23,11/04/2027 02:23,26/09/2026 09:19
02813270-8f72-41e2-ab34-160b60c959f8,store.show,resell,,,high,medium,5,"DNSPod, Inc.",20/10/2017 03:15,20/10/2035 03:15,26/09/2026 09:19
665f5998-c334-4600-8d1e-6428ddab28e3,shop.clinic,premium,85.8,85.8,high,medium,4,namecheap,,,24/09/2026 21:43
6d3cb2ce-c338-427d-8dc0-4f38504832f5,store.voting,available,1398,1448,high,medium,5,namecheap,,,24/09/2026 16:58
aa4692ae-a7d5-4652-9005-666999fcabe9,store.melbourne,available,58,58,high,medium,5,namesilo,,,24/09/2026 16:58
dc1d9f68-3054-497b-a565-a9bc2a89d480,shop.gay,premium,2660,2660,high,medium,4,namesilo,,,24/09/2026 21:43
5d1eedab-a52b-49a1-a7fc-f13813621d70,store.news,premium,1250,1250,high,medium,5,name.com,,,24/09/2026 16:58
be098822-e98f-4681-9fbe-20ae31e0d9a3,shop.party,premium,6900,116,high,medium,4,namesilo,,,24/09/2026 21:43
150785cf-aa6c-4b46-afc9-25b825f2bbf1,shop.hamburg,resell,,,high,medium,4,,10/03/2016 10:14,10/03/2027 10:14,26/09/2026 08:59
31e59a77-eaba-4a74-941c-d88ac3437166,store.car,available,1999.99,2199,high,medium,5,namesilo,,,24/09/2026 16:58
c0081d1e-ab07-4d35-b4f4-668eb7266555,store.storage,available,509.99,529.99,high,medium,5,namesilo,,,24/09/2026 16:58
c58a604f-6f58-4008-bcba-77399b7e6348,retail.icu,premium,310.7,621.2,high,low,6,spaceship,,,28/09/2026 06:47
8c09b9d3-eb13-40f8-bc48-5deaa3ba2e0f,retail.blackfriday,available,114.99,114.99,high,low,6,namesilo,,,28/09/2026 06:47
c61a19cd-8015-4a5b-ac53-8af0139a5913,retail.band,premium,118.8,118.8,high,low,6,namesilo,,,28/09/2026 06:47
d7abb5cb-e8fa-4763-9825-4956a5dc97d0,retail.living,premium,640,640,high,low,6,namesilo,,,28/09/2026 06:47
421dcff0-7263-4a00-85f2-0b694c0c28ca,shop.ventures,resell,,,high,medium,4,"Wild West Domains, LLC",24/04/2017 00:17,24/04/2027 00:17,26/09/2026 09:00
a5f8d15e-1dad-4219-86a6-46a6771aadba,store.town,resell,,,high,medium,5,Edomains LLC,30/01/2024 15:15,30/01/2027 15:15,26/09/2026 09:19
a5be485d-9208-4b63-8769-49cd393c8852,retail.tires,premium,118.8,118.8,high,low,6,namesilo,,,28/09/2026 06:47
558da245-bd28-4fb2-ac48-0468d836f659,retail.gratis,available,23.99,23.99,high,low,6,namesilo,,,28/09/2026 06:47
a75cdc5e-e2d8-43d8-8810-5dc02488e1e9,retail.holdings,premium,242,242,high,low,6,namesilo,,,28/09/2026 06:47
f1878cc9-c4c4-4fcc-adbb-8c774ab4f0a1,shop.show,resell,,,high,medium,4,"DNSPod, Inc.",16/10/2017 04:06,16/10/2035 04:06,26/09/2026 08:59
aa103226-fabf-427f-b274-3cad14ac2c30,store.prof,premium,843.7,843.7,high,medium,5,namecheap,,,24/09/2026 16:58
09457458-ec82-4539-ae90-63c32179f6cb,shop.vodka,premium,854,29.5,high,medium,4,namesilo,,,24/09/2026 21:43
15debd5a-584c-4974-bdc4-6f9472ab8a72,store.pink,resell,,,high,medium,5,"Spaceship, Inc.",21/12/2018 16:13,21/12/2026 16:13,26/09/2026 09:19
429107b6-d4f4-4476-bd44-04d4a02cf9ac,store.villas,premium,242,242,high,medium,5,namesilo,,,24/09/2026 16:58
73478975-cb23-42d7-b46f-4d9287fbe88b,store.tours,resell,,,high,medium,5,Dynadot Inc,09/08/2021 01:01,09/08/2027 01:01,26/09/2026 09:19
9919bfde-7788-40ec-b602-233d09e4c9d3,store.global,premium,5520,53.92,high,medium,5,namesilo,,,24/09/2026 16:58
027d9c1b-953b-43ac-86c8-ae07252b937a,shop.media,resell,,,high,medium,4,"Chengdu West Dimension Digital Technology Co., Ltd.",22/06/2015 16:11,22/06/2027 16:11,26/09/2026 08:59
edc9a53e-1376-4011-ade8-1bbeb791615c,store.study,premium,116,116,high,medium,5,namesilo,,,24/09/2026 16:58
ccf6bdc9-bd65-4d78-a4f2-c7d41891c5ad,retail.vote,available,34.99,90.99,high,low,6,namesilo,,,28/09/2026 06:47
895b6be9-f474-420e-bd51-56f2667e8b8b,retail.melbourne,available,58,58,high,low,6,namesilo,,,28/09/2026 06:47
403dce70-a27f-44cc-88a0-605c9ed0cd3f,store.accountant,premium,448,53.92,high,medium,5,namesilo,,,24/09/2026 16:58
f845d9d7-4ad2-4e78-b422-e9af74770ef3,store.credit,premium,512,512,high,medium,5,namesilo,,,24/09/2026 16:58
9ca24c76-c841-4246-aaf2-3e38fd901544,shop.stream,premium,6900,116,high,medium,4,namesilo,,,24/09/2026 21:43
9c613c11-5a52-4d55-ad2e-df8696686140,retail.club,premium,3450,17.7,high,low,6,namesilo,,,28/09/2026 06:47
53c6b1de-f720-4cf1-83b7-3100eca2f715,store.tv,resell,,,high,medium,5,InternetX GmbH,18/06/2007 16:55,09/04/2027 03:59,26/09/2026 09:20
3f833c60-d29b-4fb3-bbc2-b5a277dd8bb3,retail.moe,premium,96,14.16,high,low,6,namesilo,,,28/09/2026 06:47
f905f1f0-639e-46fe-b53e-badb4b87bbeb,store.dev,resell,,,high,medium,5,"Sav.com, LLC",26/03/2026 11:09,26/03/2027 11:09,26/09/2026 09:19
bdaa5e2b-cb31-4fd8-b634-2257c7f2af64,shop.lawyer,premium,3900,3900,high,medium,4,namecheap,,,24/09/2026 21:43
d2263eea-1479-4a41-afbf-3c3fa1f6ccef,store.lifestyle,premium,116,116,high,medium,5,namesilo,,,24/09/2026 16:58
3b569657-424a-46bd-9492-37500e824867,retail.gives,available,5.99,22.66,high,low,6,porkbun,,,28/09/2026 06:47
ab98d887-7e99-43a7-90a0-10be7169cbe8,retail.cyou,premium,310.7,621.2,high,low,6,spaceship,,,28/09/2026 06:47
5567e807-d742-4bdd-b174-db9e2fc116f9,store.meme,premium,1625,1625,high,medium,5,name.com,,,24/09/2026 16:58
f13d32e1-0c58-4e14-b624-f9c0ab5af5fb,shop.properties,premium,1040,1040,high,medium,4,namecheap,,,24/09/2026 21:43
0baf09d8-e558-4d04-a4d7-089712cc4146,retail.chat,resell,,,high,low,6,"DNSPod, Inc.",05/12/2020 05:47,05/12/2026 05:47,28/09/2026 06:47
c38ee3c4-b065-4ccc-8516-6096b4188dc6,store.dad,premium,648.7,648.7,high,medium,5,namecheap,,,24/09/2026 16:58
b2b6f7d7-2015-4ae0-9100-9f0039cab39f,retail.fail,available,38.99,38.99,high,low,6,namesilo,,,28/09/2026 06:47
403605ad-0be3-456e-9ad6-64d3e9c20055,store.guitars,premium,2600,2600,high,medium,5,namecheap,,,24/09/2026 16:58
22d71244-7a4b-4ee3-aadb-12540029e58b,retail.exchange,resell,,,high,low,6,"Sav.com, LLC - 32",04/06/2024 15:15,04/06/2028 15:15,28/09/2026 06:47
d2badb4f-ee65-418b-b0b7-2e56e48510d3,retail.dentist,premium,109.53,218.86,high,low,6,porkbun,,,28/09/2026 06:47
e9fc9bed-d40d-49a3-83fb-e6aaef6b6041,shop.vana,available,2298,2498,high,medium,4,namecheap,,,24/09/2026 21:43
537edfee-6a8c-4cfb-abe8-2f4b6b63649f,shop.cyou,premium,384,768,high,medium,4,namesilo,,,24/09/2026 21:43
311c9cbe-44e7-42ce-8c4f-333cea5e74d0,shop.auto,available,1999.99,2199,high,medium,4,namesilo,,,24/09/2026 21:43
d834e472-1cd0-4b84-92b1-3db3b0318556,store.theater,resell,,,high,medium,5,"Sav.com, LLC - 10",03/02/2026 15:15,03/02/2027 15:15,26/09/2026 09:19
809989c6-20f4-4db1-bf56-09dab9ffd137,shop.study,premium,640,640,high,medium,4,namesilo,,,24/09/2026 21:43
75b316a4-d304-4e7a-bd0f-7dc9eb4a283f,store.accountants,available,122.98,145.98,high,medium,5,namecheap,,,24/09/2026 16:58
07674704-205a-4f5f-9561-0a3ac2d60e99,retail.contractors,premium,118.8,118.8,high,low,6,namesilo,,,28/09/2026 06:47
ac0d2909-3b2b-4d2c-b80e-564f76afe570,store.schule,available,28.99,28.99,high,medium,5,namesilo,,,24/09/2026 16:58
af5b6986-bac3-419c-aeac-a48a51e705db,shop.doctor,resell,,,high,medium,4,"Sav.com, LLC - 37",22/09/2025 15:15,22/09/2027 15:15,26/09/2026 08:59
f92e597d-c1c6-44fd-bc81-05990f501385,store.motorcycles,premium,832,832,high,medium,5,namesilo,,,24/09/2026 16:58
5b363af8-19d1-458b-8100-d875d13e0db2,retail.forum,premium,76.94,109.69,high,low,6,porkbun,,,28/09/2026 06:47
10c47d6a-49f9-4938-99b9-3e6c79d3c30d,shop.now,premium,20700,20700,high,medium,4,namesilo,,,24/09/2026 21:43
0e33fde9-cb37-4ece-82b7-775709c972c5,store.tech,premium,34500,34500,high,medium,5,namesilo,,,24/09/2026 16:58
2bc37e6c-2965-4cd8-8d60-aa9f6f31478f,retail.video,premium,130,260,high,low,6,namecheap,,,28/09/2026 06:47
8e3dad40-278b-43d4-b5a8-48515df44e49,store.poker,premium,2660,2660,high,medium,5,namesilo,,,24/09/2026 16:58
da8d6942-8fa6-4621-bbdd-a68231323e7d,retail.apartments,available,45.74,45.74,high,low,6,spaceship,,,28/09/2026 06:47
c2130d28-9337-4938-ae44-a8860d599a91,retail.creditcard,premium,242,242,high,low,6,namesilo,,,28/09/2026 06:47
8aeb8657-ce69-474e-af5f-8a15d7b2d277,shop.game,premium,1690,1690,high,medium,4,namecheap,,,24/09/2026 21:43
950badae-a87c-4139-83be-aee616818fde,retail.repair,resell,,,high,low,6,"GoDaddy.com, LLC",14/01/2018 15:53,14/01/2027 15:53,28/09/2026 06:47
6809aa1c-8098-4de4-bdef-df4ccab33f0c,store.legal,resell,,,high,medium,5,Dynadot Inc,24/06/2026 17:00,24/06/2027 17:00,26/09/2026 09:19
91ee5da9-ee5a-454d-98f6-4b6d2bcf3049,retail.country,available,2064.2,2064.2,high,low,6,spaceship,,,28/09/2026 06:47
985a012c-2a89-45f7-ab26-0320c10146e7,shop.hockey,resell,,,high,medium,4,"Sav.com, LLC - 44",31/01/2026 15:15,31/01/2027 15:15,26/09/2026 08:59
38918abc-7ade-4d96-9756-95d21aaf150f,retail.accountant,premium,640,77.35,high,low,6,namesilo,,,28/09/2026 06:47
92d198e9-1f09-44a8-a44d-703d41fbb80d,retail.immobilien,premium,118.8,118.8,high,low,6,namesilo,,,28/09/2026 06:47
cf1663ee-86b4-407c-8e53-1fa0ce5b53b5,store.hot,premium,1107,1107,high,medium,5,namesilo,,,24/09/2026 16:58
2ef1ce61-6b3a-4f46-ad53-8002a4f62f6c,store.cash,premium,250,250,high,medium,5,name.com,,,24/09/2026 16:58
8abfa477-5764-4f87-a105-52ee9da2e4f6,retail.archi,available,19.99,103.99,high,low,6,namesilo,,,28/09/2026 06:47
974d871d-9bad-4471-b071-ccdbd7d65762,retail.gifts,premium,109.53,218.86,high,low,6,porkbun,,,28/09/2026 06:47
f781ad48-11ec-4c0d-a36f-936dfc70c8bf,commerce.store,premium,2500.2,3450,high,low,8,unstoppable,,,01/10/2026 01:08
3d37511a-7fb0-47b1-8320-5526fdc4765b,retail.rehab,premium,1107,1107,high,low,6,namesilo,,,28/09/2026 06:47
606c4d8b-5bee-4995-ba97-b824af4975ae,store.soy,premium,418.6,418.6,high,medium,5,namecheap,,,24/09/2026 16:58
278c5eb6-9dc5-4189-9ef3-d3a23a4b73fe,retail.luxe,premium,414.2,15.73,high,low,6,spaceship,,,28/09/2026 06:47
96f2a5f6-d808-4347-b835-db88802f5197,shop.lease,premium,118.8,118.8,high,medium,4,namesilo,,,24/09/2026 21:43
a7f9ae0e-fd3a-4d32-ac14-dcea7740d492,shop.observer,premium,854,854,high,medium,4,namesilo,,,24/09/2026 21:43
290d7f7b-df6e-4247-adfd-5a442f34376f,store.organic,resell,,,high,medium,5,Porkbun LLC,12/12/2021 05:37,12/12/2026 05:37,26/09/2026 09:19
09967312-71f5-45f2-95bd-6ba1f25cd395,shop.insure,resell,,,high,medium,4,"Global Domains International, Inc. DBA DomainCostClub.com",09/02/2026 15:15,09/02/2027 15:15,26/09/2026 08:59
377e708d-05d9-437e-99a4-0fbf1240f735,retail.photo,premium,116,116,high,low,6,namesilo,,,28/09/2026 06:47
f62b0569-e722-4eab-ac2b-c4139ba353a2,shop.dealer,premium,2015,2600,high,medium,4,namecheap,,,24/09/2026 21:43
a950238f-1a50-4ce4-be71-209e89127146,retail.ceo,premium,218.9,218.9,high,low,6,dynadot,,,28/09/2026 06:47
8606f159-2fba-4400-984c-3a23975b2c11,store.hair,premium,10000,10000,high,medium,5,name.com,,,24/09/2026 16:58
9affbbbb-976a-4f24-82a0-e9956b205bbd,store.mov,premium,1298.7,1298.7,high,medium,5,namecheap,,,24/09/2026 16:58
00636c7c-bbb5-4b02-a0da-921a1145cb24,shop.construction,resell,,,high,medium,4,"GoDaddy.com, LLC",23/08/2020 03:16,23/08/2027 03:16,26/09/2026 08:59
e7efba1b-0af7-4565-ac72-486ecfb5b01b,store.zip,premium,1298.7,1298.7,high,medium,5,namecheap,,,24/09/2026 16:58
55ab5aa3-2140-4478-8d35-746775ddb04e,store.rsvp,premium,648.7,648.7,high,medium,5,namecheap,,,24/09/2026 16:58
7907f95e-a554-4e59-83c6-29daf6e038b2,shop.srl,premium,54.28,30.68,high,medium,4,namesilo,,,24/09/2026 21:43
2ddb8ac3-2dc7-4abe-84a2-fa8262388098,store.support,resell,,,high,medium,5,"Spaceship, Inc.",23/01/2017 21:10,23/01/2027 21:10,26/09/2026 09:19
2f0e21c8-41e8-49b2-99b9-c44acb25347a,retail.house,available,12.98,55.98,high,low,6,namecheap,,,28/09/2026 06:47
d7a84deb-067e-4f6c-a810-a417ff0a76c4,shop.contractors,resell,,,high,medium,4,"Wild West Domains, LLC",18/11/2015 21:50,18/11/2026 21:50,26/09/2026 08:59
49c46058-6c77-4850-93f8-c530e205597e,retail.study,premium,650,650,high,low,6,namecheap,,,28/09/2026 06:47
61148a63-6af6-4143-8689-62702892d986,shop.spot,premium,13000,13000,high,medium,4,namecheap,,,24/09/2026 21:43
8ba489e6-acd5-4a1d-a11f-fe8d184e3ed6,retail.schule,available,29.98,32.98,high,low,6,namecheap,,,28/09/2026 06:47
1e0f17b2-e89f-4433-bba0-3224ef4bb840,store.lgbt,resell,,,high,medium,5,"Global Domains International, Inc. DBA DomainCostClub.com",14/05/2026 15:15,14/05/2027 15:15,26/09/2026 09:19
9d891403-21c2-4d90-becf-7106493f409f,shop.store,premium,3250,13000,high,medium,4,namecheap,,,24/09/2026 21:43
16cd8982-b4b9-4f8a-948e-548c060a70c4,shop.engineer,resell,,,high,medium,4,Dynadot Inc,02/07/2026 17:00,02/07/2027 17:00,26/09/2026 08:59
58718c44-8be2-4ad9-b265-6f00d7c862c6,shop.rip,resell,,,high,medium,4,Dynadot Inc,26/04/2025 15:15,26/04/2027 15:15,26/09/2026 08:59
5afafc7c-95fc-43e4-b1e0-b13b29fb90b2,store.email,resell,,,high,medium,5,Alibaba Cloud Computing Ltd. d/b/a HiChina (www.net.cn),19/07/2015 16:11,19/07/2027 16:11,26/09/2026 09:19
cf6e06a3-a2c0-4744-8308-17e6c64c3a60,retail.coupons,premium,12420,12420,high,low,6,namesilo,,,28/09/2026 06:47
83d7004d-2195-4413-ac13-579ec9e44a9e,shop.singles,resell,,,high,medium,4,"Global Domains International, Inc. DBA DomainCostClub.com",04/07/2026 15:15,04/07/2027 15:15,26/09/2026 08:59
3f01bbf0-8c2c-46c3-8c0c-6fc0e6a013af,shop.tech,premium,34500,34500,high,medium,4,namesilo,,,24/09/2026 21:43
cb3ebcb3-d917-4513-a0ec-ee2da72908a9,retail.flowers,available,100,100,high,low,6,cloudflare,,,28/09/2026 06:47
366b709f-f737-4d7d-93e4-7b8180d49ae6,retail.guide,resell,,,high,low,6,"Spaceship, Inc.",30/03/2021 10:15,30/03/2027 10:15,28/09/2026 06:47
cacd7610-ceac-403f-acf4-13ad7560b383,shop.maison,resell,,,high,medium,4,Dynadot Inc,17/02/2025 19:35,17/02/2027 19:35,26/09/2026 08:59
e148374e-b924-46af-98d7-62f64399c0b5,shop.town,resell,,,high,medium,4,Dynadot Inc,31/12/2023 15:15,31/12/2026 15:15,26/09/2026 09:00
c3362c26-092f-4e87-bc67-dd30ac0ff239,store.surgery,premium,118.8,118.8,high,medium,5,namesilo,,,24/09/2026 16:58
80ca8632-e7a1-4578-a825-e7eec9488316,store.computer,resell,,,high,medium,5,"Spaceship, Inc.",11/12/2023 16:30,11/12/2026 16:30,26/09/2026 09:19
84d7fea0-e644-49e4-bd10-43b91b1524b9,store.foundation,premium,128.7,128.7,high,medium,5,namecheap,,,24/09/2026 16:58
d71c98ae-6de0-4b13-9bf2-c06b626b736f,retail.sydney,available,58,58,high,low,6,namesilo,,,28/09/2026 06:47
1bde0ff1-985d-4440-b91d-bd6d193e05de,retail.ski,premium,3450,3450,high,low,6,namesilo,,,28/09/2026 06:47
e45def37-f97d-4951-953a-c9ffd0c6f512,shop.lgbt,premium,2600,2600,high,medium,4,namecheap,,,24/09/2026 21:43
c9b8ece9-61c6-4adf-a0f8-a539994c409d,retail.foo,premium,545.26,545.26,high,low,6,porkbun,,,28/09/2026 06:47
f5a98778-98ad-4475-a764-97e36bb6355f,store.kim,resell,,,high,medium,5,Unstoppable Domains Inc,26/05/2022 17:00,26/05/2027 17:00,26/09/2026 09:19
446e49dd-2d91-4080-91ee-a585beb4a30f,shop.llc,premium,1300,1300,high,medium,4,namecheap,,,24/09/2026 21:43
48eaa416-be16-49ff-ae8a-a4a381175d9c,retail.ag,available,82.5,82.5,high,low,6,dynadot,,,28/09/2026 06:47
40bec482-167c-4705-8c7d-24970bfe6992,store.software,premium,520,520,high,medium,5,namecheap,,,24/09/2026 16:58
0e96877c-afe2-43fa-949d-6495fdaa5628,retail.limo,available,43.67,43.67,high,low,6,spaceship,,,28/09/2026 06:47
13e4b357-ad7a-4db9-9716-3e3645b10fa8,retail.city,resell,,,high,low,6,"DNSPod, Inc.",19/01/2019 00:16,19/01/2028 00:16,28/09/2026 06:47
e85a8b3c-4539-4633-a07c-3080ab9cbcad,store.degree,available,52.99,52.99,high,medium,5,namesilo,,,24/09/2026 16:58
2a304a89-aa95-44d0-bec2-cabab2f05c93,shop.theatre,available,509.99,529.99,high,medium,4,namesilo,,,24/09/2026 21:43
79eb801d-7e5a-4531-9b72-2a243a8bb17a,retail.army,available,15.73,31.25,high,low,6,spaceship,,,28/09/2026 06:47
fefec1e2-3121-4bf3-8fc5-80070cb5f392,retail.software,premium,2587.7,2587.7,high,low,6,spaceship,,,28/09/2026 06:47
77bd7bd7-cdce-4174-879e-186fb4d60205,retail.soy,premium,217.1,217.1,high,low,6,namecheap,,,28/09/2026 06:47
dea01418-91a8-4ddb-b5ae-b367db3b02a6,store.properties,premium,260,260,high,medium,5,namecheap,,,24/09/2026 16:58
3c080022-0c9c-4f1d-ba9c-98d76173c5b2,shop.gripe,premium,78.54,78.54,high,medium,4,namesilo,,,24/09/2026 21:43
fb5bb1b5-f1c7-4689-9841-815aec1fb18a,retail.doctor,available,5.38,93.35,high,low,6,spaceship,,,28/09/2026 06:47
5ec13cda-e034-459a-a909-e5646c2236ec,store.gmbh,available,47.98,56.98,high,medium,5,namecheap,,,24/09/2026 16:58
9547cc19-b364-4e7d-95b0-795a9f509dd8,retail.broker,premium,5000.5,6500,high,low,6,unstoppable,,,28/09/2026 06:47
ec664fe3-d61d-4090-8320-f8ac49dd0e28,store.game,premium,1690,1690,high,medium,5,namecheap,,,24/09/2026 16:58
ba76a36c-d7ce-41a9-b00a-609deaa58917,retail.watch,premium,66.5,78.54,high,low,6,unstoppable,,,28/09/2026 06:47
c19d8b37-3eb9-4745-b5f0-62d9286248a8,retail.nexus,premium,648.7,648.7,high,low,6,namecheap,,,28/09/2026 06:47
bc157368-14e6-4e0b-8931-108749e01c01,shop.law,resell,,,high,medium,4,"GoDaddy.com, LLC",14/08/2020 08:55,14/08/2027 08:55,26/09/2026 08:59
1cbc136c-a19a-45fa-88a5-742cd979fed8,retail.tube,premium,1100,21.62,high,low,6,dynadot,,,28/09/2026 06:47
110ce99b-e09a-4123-adce-3cfa35953185,shop.technology,resell,,,high,medium,4,"Spaceship, Inc.",17/02/2014 13:37,17/02/2027 13:37,26/09/2026 09:00
872806e7-07d1-4046-a08b-1ee7d034b70f,retail.host,premium,4140,4140,high,low,6,namesilo,,,28/09/2026 06:47
c4c13098-1f94-4891-82eb-cfe4389aabe2,retail.hospital,available,55.98,71.98,high,low,6,namecheap,,,28/09/2026 06:47
3cf060b3-955a-427a-a439-5d7380c452dc,shop.talk,premium,6900,6900,high,medium,4,namesilo,,,24/09/2026 21:43
e8038660-35ff-4590-b2b7-52299dbb6b22,store.health,resell,,,high,medium,5,"Spaceship, Inc.",24/02/2024 01:03,24/02/2027 01:03,26/09/2026 09:19
150ac9fb-beff-4fbe-8260-62517a7c910d,shop.ceo,premium,518.96,518.96,high,medium,4,namecheap,,,24/09/2026 21:43
c5386801-18c3-4671-ad5e-cacc27d5333f,retail.solar,premium,,,high,low,6,,,,28/09/2026 06:47
629d7d03-a559-4298-b8da-ac2bb5b1d510,retail.bingo,premium,118.8,118.8,high,low,6,namesilo,,,28/09/2026 06:47
38f955fd-ae63-4765-8903-067c70dccbac,retail.singles,available,9.49,33.99,high,low,6,namesilo,,,28/09/2026 06:47
84c8e585-4f26-4b5b-8408-0875b2d87b57,retail.click,premium,72.65,103.7,high,low,6,spaceship,,,28/09/2026 06:47
a8bbfa99-6c44-4934-b2e4-83d5a8165504,shop.nexus,premium,1298.7,1298.7,high,medium,4,namecheap,,,24/09/2026 21:43
f018d0eb-6f09-4caf-80ca-e47d43c038cc,store.sucks,premium,2658.67,2658.67,high,medium,5,namesilo,,,24/09/2026 16:58
1a50e28c-5335-447d-9f16-b6778d53f5c8,retail.now,resell,,,high,low,6,Dynadot Inc,23/12/2024 09:56,23/12/2026 09:56,28/09/2026 06:47
be0611ee-2bf7-4011-9583-9107dd14ffaf,shop.miami,premium,854,302.5,high,medium,4,namesilo,,,24/09/2026 21:43
109cd6f5-575d-4826-bc7d-99c173ebb54b,retail.church,available,14.99,58.99,high,low,6,namesilo,,,28/09/2026 06:47
45fde985-49f2-4c4b-b611-1b4179e181b5,retail.voting,available,1398,1448,high,low,6,namecheap,,,28/09/2026 06:47
bfb0a5a1-dfdd-480e-adee-6fd4d8c4500b,shop.attorney,premium,4140,4140,high,medium,4,namesilo,,,24/09/2026 21:43
557e7e5c-00f6-4356-b586-ed38da872798,retail.jetzt,available,18.83,18.83,high,low,6,spaceship,,,28/09/2026 06:47
218557fe-dc63-4bc8-95de-1bcaafdb5e9d,shop.actor,premium,78.54,78.54,high,medium,4,namesilo,,,24/09/2026 21:43
69bda8ec-f54e-488c-a888-3ab28b239fcc,retail.boo,premium,257.92,257.92,high,low,6,spaceship,,,28/09/2026 06:47
0c9543a1-b70b-412f-bb21-05363f02700d,store.spot,premium,640,640,high,medium,5,namesilo,,,24/09/2026 16:58
ed660ba6-36ae-4274-8f6b-a1c04e15cdb6,store.law,available,95.99,95.99,high,medium,5,namesilo,,,24/09/2026 16:58
a9344fa8-8a19-4d62-83b4-4525ca852d9f,retail.theater,available,10.92,53.72,high,low,6,dynadot,,,28/09/2026 06:47
0d867d46-6ce6-4576-8e90-506dee754666,store.associates,available,21.99,52.99,high,medium,5,name.com,,,24/09/2026 16:58
9d396e6d-f445-40a7-95d4-f0a40d9a4366,retail.camera,available,46.78,46.78,high,low,6,spaceship,,,28/09/2026 06:47
b7cce29b-e194-4f8e-a890-78a29d92a9ff,shop.cruises,premium,118.8,118.8,high,medium,4,namesilo,,,24/09/2026 21:43
c0f01275-312f-4876-a132-11e7091fef14,shop.prof,premium,1688.7,1688.7,high,medium,4,namecheap,,,24/09/2026 21:43
fe2bb711-3d54-43e1-a1b5-04542f83fc87,retail.cv,premium,525.26,69.86,high,low,6,spaceship,,,28/09/2026 06:47
0ba3016f-8715-45e2-a3c4-3408725aa8b5,retail.adult,available,51.95,98.53,high,low,6,spaceship,,,28/09/2026 06:47
f27945ff-923b-49ef-bf05-de34168c37ac,store.salon,resell,,,high,medium,5,Porkbun LLC,09/05/2021 07:58,09/05/2027 07:58,26/09/2026 09:19
a762ae86-a1bb-4fc6-973f-ed00230c870e,shop.university,premium,78.54,78.54,high,medium,4,namesilo,,,24/09/2026 21:43
f38a6c67-cb2b-4f67-8dbe-fd20a18e449b,store.movie,available,40.98,446.98,high,medium,5,namecheap,,,24/09/2026 16:58
837ebc82-99c0-4394-afed-6b13c9b8a603,outlet.deals,premium,242,242,high,low,6,namesilo,,,29/09/2026 17:56
f49a788c-762b-456b-83c7-04af6c685c04,outlet.tienda,available,62.98,74.98,high,low,6,namecheap,,,29/09/2026 17:56
a222cc01-9431-4711-911d-a402a92c5fa4,store.date,premium,375,62.5,high,medium,5,name.com,,,24/09/2026 16:58
40059ee1-c2ea-4be2-be3c-546a60c1c036,retail.rich,available,94.99,1999,high,low,6,namesilo,,,28/09/2026 06:47
7ec1cf2a-42eb-4345-ba27-197afa3c796b,retail.name,available,7.31,7.31,high,low,6,porkbun,,,28/09/2026 06:47
273d02e4-f667-40b5-bbec-aa9acd217506,retail.esq,premium,329.2,427.7,high,low,6,unstoppable,,,28/09/2026 06:47
941cd922-0cef-41c2-8774-da1aaf51753b,store.airforce,available,109.98,134.98,high,medium,5,namecheap,,,24/09/2026 16:58
8707cba5-2c7a-464f-a638-aa8183c0ad98,shop.mba,resell,,,high,medium,4,"Chengdu West Dimension Digital Technology Co., Ltd.",10/02/2019 04:52,10/02/2027 04:52,26/09/2026 08:59
fa212d4c-9e27-4832-adad-5f3d8c3a36c8,retail.casa,premium,47.2,11.8,high,low,6,namesilo,,,28/09/2026 06:47
6a6badce-19eb-4726-b609-67283ea1f207,retail.forex,premium,1000.5,1300,high,low,6,unstoppable,,,28/09/2026 06:47
b97c702e-ae79-4359-8410-706b869ff8e2,shop.camp,resell,,,high,medium,4,Edomains LLC,19/01/2025 15:15,19/01/2027 15:15,26/09/2026 08:59
014f3c04-0c49-4507-8569-c93ae5a55d81,retail.dad,premium,323.7,323.7,high,low,6,namecheap,,,28/09/2026 06:47
6be36172-88a1-4493-a35f-37b28ce80020,retail.security,available,2000.2,2000.2,high,low,6,cloudflare,,,28/09/2026 06:47
1bf1b1e1-2100-48b7-ab18-1ff73678ad26,retail.phd,premium,427.7,427.7,high,low,6,namecheap,,,28/09/2026 06:47
b2f0ca9e-f128-4de7-a8d8-a7c5f48bd93e,retail.fitness,available,32.2,32.2,high,low,6,cloudflare,,,28/09/2026 06:47
1e2fa78b-11b2-440a-8f8e-a877cf523f42,retail.diamonds,premium,242,242,high,low,6,namesilo,,,28/09/2026 06:47
ee855cb5-ef99-4e5a-9fe2-e9e94029ea01,shop.finance,resell,,,high,medium,4,"Spaceship, Inc.",23/11/2016 09:07,23/11/2026 09:07,26/09/2026 08:59
da3c67b2-9f6f-468d-9fbf-419bae6c25f9,shop.courses,premium,650,650,high,medium,4,namecheap,,,24/09/2026 21:43
af804430-2275-43d2-8345-1fab54dba81e,store.earth,resell,,,high,medium,5,Porkbun,22/12/2023 00:00,22/12/2026 00:00,26/09/2026 09:19
5cabfba1-406d-4faa-ad18-cf5b71c69ed5,shop.villas,premium,242,242,high,medium,4,namesilo,,,24/09/2026 21:43
15dece34-c5ff-4336-8c4d-3d7a3824dfd3,store.team,resell,,,high,medium,5,"Wild West Domains, LLC",29/07/2015 16:00,29/07/2027 16:00,26/09/2026 09:20
955c76ab-6789-460b-b0fc-a47af03a2d04,store.plus,resell,,,high,medium,5,"Chengdu West Dimension Digital Technology Co., Ltd.",24/09/2020 13:10,24/09/2027 13:10,26/09/2026 09:19
8d5554a5-8244-42ca-b757-8d5a87ccf0d1,retail.cricket,premium,1035.2,103.7,high,low,6,spaceship,,,28/09/2026 06:47
9613d22d-ef90-4388-9d87-d2cbba1b7c51,retail.global,resell,,,high,low,6,"GoDaddy.com, LLC",07/09/2017 21:05,07/09/2027 21:05,28/09/2026 06:47
d0e7513a-dc86-467f-8218-7d9eed198812,shop.group,resell,,,high,medium,4,"GoDaddy.com, LLC",08/06/2016 16:00,08/06/2027 16:00,26/09/2026 08:59
1dfbec6a-8c77-4a11-b7f7-aea16d5afcca,store.lease,premium,250,250,high,medium,5,name.com,,,24/09/2026 16:58
44d9181a-fbf1-44ec-928b-9c2d10685b5b,store.band,premium,123.75,123.75,high,medium,5,name.com,,,24/09/2026 16:58
812885d9-443c-4dd1-8c2a-d771fa9c5390,outlet.co,resell,,,high,low,6,"GoDaddy.com, LLC",24/02/2010 23:26,23/02/2027 23:59,29/09/2026 17:56
cfbbd4df-1534-403c-8e2d-17ecf8bc0b8f,shop.ac,resell,,,high,medium,4,Dynadot Inc,29/06/2019 10:14,29/06/2027 10:14,26/09/2026 08:59
7897b447-d6cc-496f-8614-e13280895c4e,store.repair,resell,,,high,medium,5,"Global Domains International, Inc. DBA DomainCostClub.com",10/07/2026 15:15,10/07/2027 15:15,26/09/2026 09:19
45aba644-2faa-41e7-888b-d14ccaaf34ac,store.channel,premium,623.75,623.75,high,medium,5,name.com,,,24/09/2026 16:58
bc523f0a-8679-46f7-b7ae-576c9a34df0e,retail.courses,premium,546.35,546.35,high,low,6,porkbun,,,28/09/2026 06:47
67f69cc7-3f8d-4577-8960-334544f16632,retail.accountants,available,93.35,93.35,high,low,6,spaceship,,,28/09/2026 06:47
99346a85-a9da-4933-863d-54e4b57aa01f,store.mortgage,premium,242,242,high,medium,5,namesilo,,,24/09/2026 16:58
cd8624b4-4675-4580-94a8-49eecb387ebf,shop.date,premium,390,65,high,medium,4,namecheap,,,24/09/2026 21:43
81277ca8-dcb9-496d-a983-e54879c145e6,store.domains,resell,,,high,medium,5,Dynadot Inc,08/07/2015 18:42,08/07/2027 18:42,26/09/2026 09:19
e01fe2f8-3f88-4f66-9a10-c815d06718a2,retail.gripe,available,5.2,5.2,high,low,6,cloudflare,,,28/09/2026 06:47
08a259d1-1009-450f-aea8-2d1460523392,retail.plus,resell,,,high,low,6,Alibaba Cloud Computing Ltd. d/b/a HiChina (www.net.cn),08/10/2021 13:15,08/10/2027 13:15,28/09/2026 06:47
79c9b7a6-560a-4760-b408-120721938f3d,shop.fit,premium,2600,32.5,high,medium,4,namecheap,,,24/09/2026 21:43
879484d9-6ec1-449e-b185-e4f0254f0cf9,retail.sex,available,51.95,98.53,high,low,6,spaceship,,,28/09/2026 06:47
b5569c7c-536c-45b6-a04f-9239db7f2168,retail.partners,premium,118.8,118.8,high,low,6,namesilo,,,28/09/2026 06:47
1da71034-b70e-40c1-af8e-d79c8a9fb2ae,store.codes,resell,,,high,medium,5,"Sav.com, LLC - 23",30/06/2024 15:15,30/06/2027 15:15,26/09/2026 09:19
f7774504-63d5-4e4f-886b-d918e20069cc,store.cricket,premium,6900,116,high,medium,5,namesilo,,,24/09/2026 16:58
eeb43dfc-ae47-4e0c-ae6f-d755d15cdb82,retail.vana,available,2070.2,2070.2,high,low,6,spaceship,,,28/09/2026 06:47
cc9c8907-4372-4fa0-a4c3-09161cd5c177,retail.builders,premium,78.54,78.54,high,low,6,namesilo,,,28/09/2026 06:47
b4166998-ccf1-4dbe-b5ad-c8035ba45b2d,retail.viajes,available,35.18,35.18,high,low,6,spaceship,,,28/09/2026 06:47
fec11f03-796a-411f-b739-18385dafc5af,retail.llc,premium,1995,1995,high,low,6,namesilo,,,28/09/2026 06:47
80bc5efe-25ba-4624-916b-a524b322d72d,retail.consulting,premium,1107,1107,high,low,6,namesilo,,,28/09/2026 06:47
1dac76c9-c346-48be-ba52-d415027e5322,shop.sexy,premium,13000,13000,high,medium,4,namecheap,,,24/09/2026 21:43
d51779bf-bc6e-456e-bd86-1706ce4e5252,store.mba,resell,,,high,medium,5,"Xiamen ChinaSource Internet Service Co., Ltd",01/09/2024 15:16,01/09/2027 15:16,26/09/2026 09:20
ee7a5a54-be6e-417f-a026-1780127fee54,shop.fund,resell,,,high,medium,4,"Spaceship, Inc.",10/09/2025 15:15,10/09/2027 15:15,26/09/2026 08:59
5da10c0c-e9a1-4c2e-ac19-068621b34c9b,shop.phd,premium,1688.7,1688.7,high,medium,4,namecheap,,,24/09/2026 21:43
036a22b4-489c-4dcb-9462-dc5615ac5875,store.buzz,premium,512,116,high,medium,5,namesilo,,,24/09/2026 16:58
b7cadeb8-9d79-40bd-a8e0-61485ead24d6,store.security,available,2070,2950,high,medium,5,namecheap,,,24/09/2026 16:58
98e80884-6d7e-40c5-97c9-c6edcd5127d9,retail.toys,available,17.99,64.99,high,low,6,namesilo,,,28/09/2026 06:47
cbe0c4d9-bbd6-46f6-890b-dcbcd3032298,commerce.trade,premium,3450,116,high,low,8,namesilo,,,01/10/2026 01:08
f752e1de-1948-4daa-bf50-a2953acec6ae,shop.car,available,1999.99,2199,high,medium,4,namesilo,,,24/09/2026 21:43
bd44ca02-415f-453b-a7b0-92d9626478fe,shop.security,available,1999.99,2049.99,high,medium,4,namesilo,,,24/09/2026 21:43
8b7245dd-0142-4a1b-9a70-d48f89955c04,shop.partners,premium,78.54,78.54,high,medium,4,namesilo,,,24/09/2026 21:43
7588917b-65fe-455d-a35e-c5d720428599,shop.locker,premium,3433.44,8.8,high,medium,4,namesilo,,,24/09/2026 21:43
48d50679-795e-4546-887e-9357f400c8aa,retail.garden,premium,414.2,26.08,high,low,6,spaceship,,,28/09/2026 06:47
6b8dbec3-4a93-4034-8161-57cddcf2d8e9,retail.makeup,premium,715,715,high,low,6,dynadot,,,28/09/2026 06:47
69ea7f1d-724c-4c94-8a1d-338ad4856326,store.plumbing,premium,512,512,high,medium,5,namesilo,,,24/09/2026 16:58
bed6ec26-b25c-449b-893b-3f55e2a6ca6c,retail.build,premium,1950,1950,high,low,6,namecheap,,,28/09/2026 06:47
5d8c197b-e38c-4c8a-9a2a-f735d7976405,outlet.storage,available,465.95,500.2,high,low,6,spaceship,,,29/09/2026 17:56
3d54b1fc-edbf-4ced-b2a3-b29a412d21b8,shop.fishing,premium,5520,29.5,high,medium,4,namesilo,,,24/09/2026 21:43
8b73a0f7-6d03-45ac-b6f6-6e0183b071ff,store.dentist,premium,242,242,high,medium,5,namesilo,,,24/09/2026 16:58
e82d0db4-7d4f-4a71-b824-eebfdd54ca75,retail.cfd,premium,310.7,621.2,high,low,6,spaceship,,,28/09/2026 06:47
213914ca-a7d3-4dd9-a20a-4fc97532e366,retail.hockey,available,61,72.98,high,low,6,unstoppable,,,28/09/2026 06:47
61fa1ccd-6261-41d7-a39a-3369f8df652f,retail.diet,available,103.5,103.5,high,low,6,porkbun,,,28/09/2026 06:47
c23f26f3-d51c-4986-812a-0a2ff22d1260,shop.futbol,premium,242,242,high,medium,4,namesilo,,,24/09/2026 21:43
b7db966a-bb47-4cc8-8328-5522b21ea1b4,store.futbol,available,9.99,24.99,high,medium,5,name.com,,,24/09/2026 16:58
e7949c54-4ffa-46bd-8e5a-cc7c9036310b,shop.pink,premium,1107,1107,high,medium,4,namesilo,,,24/09/2026 21:43
828449a6-6455-45c0-bf9e-505dfa7d0d5d,shop.equipment,premium,78.54,78.54,high,medium,4,namesilo,,,24/09/2026 21:43
aa7af664-76c9-496a-a728-306a2d67f57e,shop.storage,available,509.99,529.99,high,medium,4,namesilo,,,24/09/2026 21:43
44946c3e-5354-4297-9dc5-2048e7542569,retail.mov,premium,516.67,516.67,high,low,6,spaceship,,,28/09/2026 06:47
29acbb99-90c6-4666-96e2-ea7ee4b3137e,retail.ninja,premium,118.8,118.8,high,low,6,namesilo,,,28/09/2026 06:47
9cb730d7-64d5-4c5a-b625-da59f8d83f33,outlet.style,premium,36.32,72.57,high,low,6,porkbun,,,29/09/2026 17:56
5cdb8637-a2dc-44e2-b662-1f9163677d6e,retail.ong,available,18.98,24.98,high,low,6,namecheap,,,28/09/2026 06:47
6b87eef7-e74c-4e8d-98e7-a8f5e57618c3,retail.love,premium,192.5,275,high,low,6,dynadot,,,28/09/2026 06:47
4bdbaccb-bc00-4150-a44e-4e206841e027,store.engineering,premium,123.75,123.75,high,medium,5,name.com,,,24/09/2026 16:58
23a791f2-1006-4b33-b3b8-9e25e9bd25ed,shop.promo,premium,3450,3450,high,medium,4,namesilo,,,24/09/2026 21:43
afa46048-4a23-4e7b-b5a9-549a02cab63c,store.faith,premium,640,77.35,high,medium,5,namesilo,,,24/09/2026 16:58
418f96a9-f25c-4467-81b1-90ffa8b0619d,shop.exchange,resell,,,high,medium,4,Dynadot Inc,27/06/2020 22:03,27/06/2027 22:03,26/09/2026 08:59
2c8ba653-074d-415e-8fec-7f872354a52f,shop.rest,premium,6210,6210,high,medium,4,namesilo,,,24/09/2026 21:43
8cd073eb-bfc0-40af-8a46-fdfd7aa99ba0,shop.studio,resell,,,high,medium,4,"GoDaddy.com, LLC",19/05/2022 21:10,19/05/2027 21:10,26/09/2026 09:00
81fa427d-5718-44ce-8b96-a236afc77425,retail.racing,premium,116,116,high,low,6,namesilo,,,28/09/2026 06:47
57768fd3-ccd3-4da2-abf7-1ad2bfc6453d,retail.tech,premium,2587.7,10350.2,high,low,6,spaceship,,,28/09/2026 06:47
3b891dda-9e79-4d36-8f3f-35dff3a4080b,retail.realty,available,88.18,289.16,high,low,6,spaceship,,,28/09/2026 06:47
e802dff0-5463-4d59-bd4b-2a47492dd7b3,shop.mov,premium,1298.7,1298.7,high,medium,4,namecheap,,,24/09/2026 21:43
611122a9-847c-4698-b4da-1ee115939303,shop.moi,premium,3450,3450,high,medium,4,namesilo,,,24/09/2026 21:43
a1aaa2dd-a2b9-4dd5-86ee-a6c22d1c2366,retail.gmbh,available,36.43,36.43,high,low,6,spaceship,,,28/09/2026 06:47
df3bdf7a-f549-486c-8fb4-76e8a36d514c,shop.memorial,premium,85.8,85.8,high,medium,4,namecheap,,,24/09/2026 21:43
fc0ed486-1ba4-4a4c-8995-de8fd32be9ab,outlet.store,premium,10000.2,,high,low,6,unstoppable,,,29/09/2026 17:56
5db149fd-59f4-445e-80a9-eec577b9cd42,retail.tours,resell,,,high,low,6,Dynadot Inc,27/07/2025 17:00,27/07/2027 17:00,28/09/2026 06:47
7eeb1f41-0196-4b6f-95d1-8fa5448ade41,shop.gratis,premium,118.8,118.8,high,medium,4,namesilo,,,24/09/2026 21:43
994606b6-c376-46e6-8861-d14b8ffda466,shop.soy,premium,698.1,698.1,high,medium,4,namecheap,,,24/09/2026 21:43
c5b7f03d-b14a-46bc-9d2d-79dee6a25819,retail.rentals,premium,68.51,68.51,high,low,6,spaceship,,,28/09/2026 06:47
8abfd7f6-ec0d-4034-8ffe-a80f643fdf64,shop.florist,resell,,,high,medium,4,"GoDaddy.com, LLC",16/01/2026 17:13,16/01/2027 17:13,26/09/2026 08:59
5e33148d-6c28-446e-9d71-d69a3e71650c,retail.reviews,resell,,,high,low,6,"GoDaddy.com, LLC",22/07/2020 19:33,22/07/2027 19:33,28/09/2026 06:47
295d1e03-e8fc-4184-b17c-6f10ec9ee582,shop.camera,premium,242,242,high,medium,4,namesilo,,,24/09/2026 21:43
e36a5069-a530-456e-b2a7-4b2c1d8886c7,retail.taxi,available,7.96,49.88,high,low,6,spaceship,,,28/09/2026 06:47
bd7d2c01-4afa-4398-8cb6-40c5269311a2,shop.tickets,premium,1995,1995,high,medium,4,namesilo,,,24/09/2026 21:43
2c816269-ea68-46d3-ad27-8b27175f7cd8,retail.enterprises,resell,,,high,low,6,Dynadot Inc,10/07/2026 17:00,10/07/2027 17:00,28/09/2026 06:47
d0b97fdf-4619-46d7-abed-20cd7d7916f0,retail.family,premium,242,242,high,low,6,namesilo,,,28/09/2026 06:47
b8bf46b2-c4e8-4c78-b73e-de32a743dd91,outlet.ltda,premium,52.92,31.09,high,low,6,porkbun,,,29/09/2026 17:56
b7818d32-6151-4efd-a3ea-9026f2768c08,retail.bar,premium,130.61,186.5,high,low,6,spaceship,,,28/09/2026 06:47
e335f1c9-f24b-426b-ab65-18986b9686af,shopping.promo,premium,3125,,high,low,8,name.com,,,30/09/2026 11:13
916ebcb7-9d35-452e-ba3b-4b5f8b297bb4,retail.catering,available,31.25,31.25,high,low,6,spaceship,,,28/09/2026 06:47
552f0bdd-5a82-4d41-b369-085aacf12cd1,shop.college,premium,3450,3450,high,medium,4,namesilo,,,24/09/2026 21:43
5cedd4cb-284e-4610-9c38-8424188ba0fb,retail.recipes,available,8.99,77.99,high,low,6,namesilo,,,28/09/2026 06:47
a2e713bc-dd93-4593-864c-7e8b448c20dd,retail.biz,premium,1300,23.4,high,low,6,namecheap,,,28/09/2026 06:47
37daa8d0-bcb0-4b14-8a2f-7d7f04faf787,shop.mortgage,premium,242,242,high,medium,4,namesilo,,,24/09/2026 21:43
94147354-8cab-4b5b-a635-f18374ef2975,retail.healthcare,available,72.98,72.98,high,low,6,dynadot,,,28/09/2026 06:47
ba1c8bd1-004d-4590-b856-ab0f911971dd,shop.london,premium,7307.54,31.25,high,medium,4,namesilo,,,24/09/2026 21:43
ab014efd-949d-4a04-aab8-0b1d44452f9f,shop.irish,resell,,,high,medium,4,Dynadot Inc,19/05/2022 13:15,19/05/2027 13:15,26/09/2026 08:59
fe3a22f1-bb28-430d-a611-ed50e718ea7e,shopping.deals,premium,854,854,high,low,8,namesilo,,,30/09/2026 11:13
f095be00-454d-4fa1-aa90-249d81875bf6,market.deal,premium,1300,1300,high,medium,6,namecheap,,,19/09/2026 13:41
3e81b02b-e55b-44cc-a59e-5c241dba3f54,outlet.shop,premium,12500,,high,low,6,name.com,,,29/09/2026 17:56
14928351-b649-4dcc-aa41-fae7c29202e2,shop.bid,resell,,,high,medium,4,"Global Domains International, Inc. DBA DomainCostClub.com",26/07/2019 14:26,26/07/2030 14:26,26/09/2026 08:59
5670e2e4-dcbf-48ef-8a77-fd35360e3f6d,retail.review,premium,6900,116,high,low,6,namesilo,,,28/09/2026 06:47
e741db00-acce-4e20-b3fd-199bf3c629c8,outlet.holdings,available,51.95,51.95,high,low,6,spaceship,,,29/09/2026 17:56
30533931-06e1-476a-88de-9f32c5ea2087,retail.insure,available,58.16,58.16,high,low,6,spaceship,,,28/09/2026 06:47
90d58aec-aac0-4441-9af1-1db111dfef5d,shop.cricket,premium,13800,116,high,medium,4,namesilo,,,24/09/2026 21:43
e0692f41-a88b-49ee-9614-f3828699317e,merchandise.tienda,available,47.81,47.81,high,low,11,spaceship,,,30/09/2026 09:41
e688264e-6b99-4f91-8426-5ff6bfb60c36,retail.hamburg,available,69.98,73.98,high,low,6,namecheap,,,28/09/2026 06:47
fa751e85-5ca2-4474-a1f9-ad20c34ac8e8,outlet.car,available,2070,2400,high,low,6,namecheap,,,29/09/2026 17:56
83b7d2ca-ccd9-481f-aee2-7be42ef8a19b,outlet.kaufen,premium,118.8,118.8,high,low,6,namesilo,,,29/09/2026 17:56
8a62f963-e319-4421-8668-33d583911745,retail.soccer,available,10.81,21.11,high,low,6,porkbun,,,28/09/2026 06:47
e552f380-79ad-4713-b047-196a2fd41a40,retail.attorney,available,62.99,62.99,high,low,6,namesilo,,,28/09/2026 06:47
bea887d0-358d-4153-be36-fa94d878f757,shop.dating,premium,118.8,118.8,high,medium,4,namesilo,,,24/09/2026 21:43
89335f9f-ec5f-426f-9eae-c8b1b03fd6cc,shop.kaufen,resell,,,high,medium,4,"Global Domains International, Inc. DBA DomainCostClub.com",11/03/2026 15:15,11/03/2027 15:15,26/09/2026 08:59
42e5826d-a218-4dc1-a67c-978810f6e4b6,retail.organic,available,17,85.99,high,low,6,unstoppable,,,28/09/2026 06:47
b46199c6-da5d-4ad1-9a8d-6d86b0f252fb,commerce.deal,premium,640,640,high,low,8,namesilo,,,01/10/2026 01:08
5935d0c6-3a7b-432d-bde5-85da6260da47,shop.codes,resell,,,high,medium,4,"Sav.com, LLC - 21",11/05/2023 15:15,11/05/2027 15:15,26/09/2026 08:59
a9f431a3-ebf0-4ac5-9913-ea7f6b6dce94,shop.sarl,premium,38.94,38.94,high,medium,4,namesilo,,,24/09/2026 21:43
e25130dd-feed-411d-b885-82b1257fe0e4,retail.golf,available,7.49,64.99,high,low,6,namesilo,,,28/09/2026 06:47
e2bc508f-9a6c-45c3-ae98-5f58af779732,retail.yoga,premium,512,29.5,high,low,6,namesilo,,,28/09/2026 06:47
f01e74e2-d717-42d4-88a3-f5681ef71905,retail.guitars,available,103.5,103.5,high,low,6,porkbun,,,28/09/2026 06:47
abe438cc-5014-485f-8160-9d1535015cc2,retail.construction,available,30.2,30.2,high,low,6,cloudflare,,,28/09/2026 06:47
851e2464-d4c5-4ea8-a27f-9827affe0416,retail.football,available,20.9,20.9,high,low,6,spaceship,,,28/09/2026 06:47
dff1530e-bbc1-44a5-866a-070190727afb,retail.poker,premium,640,640,high,low,6,namesilo,,,28/09/2026 06:47
65795ec4-54f3-4da2-a08b-df9e20e3b448,outlet.xyz,resell,,,high,low,6,"GoDaddy.com, LLC",03/08/2021 06:22,03/08/2027 23:59,29/09/2026 17:56
e89b0ef7-4032-4e54-878d-1c25b467d978,shopping.kaufen,available,5.99,26.99,high,low,8,namesilo,,,30/09/2026 11:13
82d20258-3805-4c7c-9327-70d6bd036491,retail.loan,premium,6900,116,high,low,6,namesilo,,,28/09/2026 06:47
37a66767-bad8-472b-a13e-4ca240746fb9,shop.host,premium,4875,9750,high,medium,4,namecheap,,,24/09/2026 21:43
bf965b3b-464d-4faa-960a-c43269ea67d9,retail.surgery,available,42.2,42.2,high,low,6,cloudflare,,,28/09/2026 06:47
36090bec-27e2-4c69-948a-caf690ff587c,outlet.shoes,premium,207.2,207.2,high,low,6,spaceship,,,29/09/2026 17:56
b69481ed-7f30-458a-986b-237541293831,outlet.band,premium,118.8,118.8,high,low,6,namesilo,,,29/09/2026 17:56
7915039a-8be7-4276-afa2-5252159c0539,retail.pizza,available,10.92,53.72,high,low,6,dynadot,,,28/09/2026 06:47
5a34b890-f9be-4883-9a78-9390f8c1e254,shop.casino,resell,,,high,medium,4,"Global Domains International, Inc. DBA DomainCostClub.com",13/04/2026 15:16,13/04/2027 15:16,26/09/2026 08:59
0e63c53e-a23d-4e87-a246-0658316911e1,commerce.llc,premium,302.5,302.5,high,low,8,namesilo,,,01/10/2026 01:08
40972674-ec2d-4bf7-b073-875cfd608ae2,retail.glass,premium,118.8,118.8,high,low,6,namesilo,,,28/09/2026 06:47
75a2bc98-d6ab-45f2-893a-849a456b623d,retail.blog,premium,517.7,2070.2,high,low,6,spaceship,,,28/09/2026 06:47
f9a36ce8-789d-4af3-b0f0-0655f6535894,retail.investments,resell,,,high,low,6,"GoDaddy.com, LLC",16/02/2026 00:03,16/02/2027 00:03,28/09/2026 06:47
cb198e73-270d-493f-8682-7f64ba988d23,outlet.talk,premium,124.4,124.4,high,low,6,spaceship,,,29/09/2026 17:56
a491bc36-9406-4c6f-a6bb-e9771a82c5ae,shopping.ooo,resell,,,high,low,8,Porkbun LLC,10/04/2019 11:42,10/04/2027 23:59,30/09/2026 11:13
b7f0178b-c53a-432f-a74d-8baec4ca184d,outlet.ooo,premium,55.1,22.35,high,low,6,porkbun,,,29/09/2026 17:56
cc6b443d-953e-4e94-9219-7a4d823684dd,shop.boats,premium,832,832,high,medium,4,namesilo,,,24/09/2026 21:43
4729e68b-6325-44ac-944c-bea83435fd7c,shop.xxx,resell,,,high,medium,4,"Name.com, Inc.",01/12/2011 01:38,01/12/2026 01:38,26/09/2026 09:00
c0dbe064-7812-4690-b9c6-9df74fcc2374,outlet.contractors,available,28.15,28.15,high,low,6,spaceship,,,29/09/2026 17:56
65a669d1-70b3-4e1e-b899-f173bab79c80,retail.hair,premium,832,832,high,low,6,namesilo,,,28/09/2026 06:47
80d34933-f2a5-4e20-bf1d-7427e2fe2c63,shopping.store,premium,6900,6900,high,low,8,namesilo,,,30/09/2026 11:13
376afb1d-2890-470e-a954-6e7e54d30788,outlet.money,available,10.88,29.01,high,low,6,dynadot,,,29/09/2026 17:56
4db48696-f39a-46c1-b0af-db89c6264987,outlet.promo,premium,2750,2750,high,low,6,dynadot,,,29/09/2026 17:56
b3a1cbb7-2db0-4b9d-85ca-3c0453e343a3,retail.cruises,available,56.99,56.99,high,low,6,namesilo,,,28/09/2026 06:47
c8dbce9e-c6a7-4c16-9261-bde8f4883d6c,retail.futbol,available,5.38,13.66,high,low,6,spaceship,,,28/09/2026 06:47
484b35f6-e219-436b-bb65-8909ef1c3bfc,retail.pub,available,32.29,32.29,high,low,6,spaceship,,,28/09/2026 06:47
32382509-047a-46ed-af83-e8fdeb4ad8b0,commerce.discount,available,45.99,45.99,high,low,8,godaddy,,,01/10/2026 01:08
1f2964a1-02a4-43b3-83e5-bc087bfb9678,commerce.money,resell,,,high,low,8,Dynadot Inc,13/05/2021 16:29,13/05/2027 16:29,01/10/2026 01:08
860f677a-afb1-41b9-a773-3ac13a9396bd,trade.deal,premium,517.7,517.7,high,medium,5,spaceship,,,30/09/2026 02:52
891ac144-093c-4c11-818b-a350b205acca,outlet.insure,available,76.98,91.98,high,low,6,namecheap,,,29/09/2026 17:56
14a65bad-c39c-42e5-9bb3-d6f4ed3b3cc0,outlet.movie,available,270.2,270.2,high,low,6,cloudflare,,,29/09/2026 17:56
fa911ada-a90f-48d9-a956-3347cff1037e,mall.deal,premium,116,116,high,low,4,namesilo,,,30/09/2026 03:46
9a9bd99b-9489-41f4-9fed-18970a25dc70,commerce.nyc,premium,1107,29.5,high,low,8,namesilo,,,01/10/2026 01:08
dba05de2-e407-4165-aff7-0d80ba6cf4c2,retail.life,resell,,,high,low,6,Xin Net Technology Corporation,16/12/2022 15:15,16/12/2027 15:15,28/09/2026 06:47
87b9a33e-524f-4cc7-a231-9864fc39cbc2,outlet.pw,resell,,,high,low,6,,,,29/09/2026 17:56
a6270ce5-e268-4c82-968d-9fabf47ea240,shop.earth,resell,,,high,medium,4,Porkbun,22/12/2023 00:00,22/12/2026 00:00,26/09/2026 08:59
bef02dbf-f1a7-46e3-8e78-40b7581ce979,shop.catering,available,38.99,38.99,high,medium,4,namesilo,,,24/09/2026 21:43
27876387-4564-4ec7-95ce-bdc99b30626b,trade.cash,resell,,,high,medium,5,"Go Australia Domains, LLC",20/08/2014 16:00,20/08/2027 16:00,30/09/2026 02:52
bccb96f7-ed9a-4a64-af0a-88b976ff2228,commerce.promo,available,10.55,19.87,high,low,8,spaceship,,,01/10/2026 01:08
793d7435-7a86-4162-87a0-a61f344dab2d,retail.cab,available,26.08,26.08,high,low,6,spaceship,,,28/09/2026 06:47
48108e56-73a4-4fc3-8364-2acebd86203e,outlet.free,premium,517.7,517.7,high,low,6,spaceship,,,29/09/2026 17:56
03515645-8c54-48da-a45c-2a441712aee3,outlet.theatre,available,465.95,500.18,high,low,6,spaceship,,,29/09/2026 17:56
637de663-7d8e-496e-9f0c-641946534bc9,outlet.realty,available,88.18,289.16,high,low,6,spaceship,,,29/09/2026 17:56
9e8f21f8-f8d3-4bb7-ac8b-5fefba2a81a1,market.site,premium,13800,13800,high,medium,6,namesilo,,,19/09/2026 13:41
71c59f41-a278-47c3-9057-80c819b0efff,shop.you,premium,6900,6900,high,medium,4,namesilo,,,24/09/2026 21:43
b0ff77a6-e013-4c08-97eb-03d85c7f1698,outlet.investments,available,100.2,100.2,high,low,6,cloudflare,,,29/09/2026 17:56
69fc8346-44cd-4294-b708-ff9c4b80951c,outlet.living,premium,550,550,high,low,6,dynadot,,,29/09/2026 17:56
caf970ce-7a24-4b67-9e2c-f733fe953a70,shop.online,resell,,,high,medium,4,Namify Domains Inc,02/04/2019 13:55,02/04/2029 23:59,26/09/2026 08:59
55bcd0d3-b63c-4e23-a40e-dbda52a6e9be,retail.team,resell,,,high,low,6,Alibaba Cloud Computing Ltd. d/b/a HiChina (www.net.cn),16/01/2020 05:48,16/01/2027 05:48,28/09/2026 06:47
cff284ed-85b9-4cb4-8faa-4a8ed775fa2c,outlet.cars,available,2070,2950,high,low,6,namecheap,,,29/09/2026 17:56
9c9dfdb0-259f-48e5-8c9a-eab2bd9482ba,commerce.equipment,available,49.99,49.99,high,low,8,godaddy,,,01/10/2026 01:08
a5aaedfe-3a82-4592-aa0b-ebb2314edad7,shop.accountant,premium,640,77.35,high,medium,4,namesilo,,,24/09/2026 21:43
76d4c129-657a-476b-bf75-7b318e717e23,commerce.markets,available,5.38,15.73,high,low,8,spaceship,,,01/10/2026 01:08
b17a9ce8-62ba-4de6-8023-949389f380dc,commerce.xyz,resell,,,high,low,8,"GoDaddy.com, LLC",28/03/2019 02:20,28/03/2027 23:59,01/10/2026 01:08
e325d2f5-4424-43df-9265-3b98e3ce0e74,outlet.institute,available,9.5,,high,low,6,unstoppable,,,29/09/2026 17:56
76ef4f19-9fe5-40ca-ae51-330bbb8556e3,commerce.jewelry,available,64.99,64.99,high,low,8,namesilo,,,01/10/2026 01:08
2514da22-ed60-4ad3-aaec-7dd0acf6d825,retail.work,premium,546.35,11.44,high,low,6,porkbun,,,28/09/2026 06:47
2ccd5871-173d-4791-b438-2106829449d2,outlet.app,resell,,,high,low,6,"GoDaddy.com, LLC",21/12/2024 16:47,21/12/2026 16:47,29/09/2026 17:56
0624c6e2-6d15-435e-8c89-c0b11b12ae09,outlet.kiwi,premium,46.71,46.71,high,low,6,dynadot,,,29/09/2026 17:56
d7129c30-4f10-4de3-8046-b4a621330567,retail.actor,available,34.2,34.2,high,low,6,cloudflare,,,28/09/2026 06:47
4cadf5dc-b506-40c7-8808-89e67daec2f2,shop.haus,resell,,,high,medium,4,"Spaceship, Inc.",11/01/2019 16:16,11/01/2027 16:16,26/09/2026 08:59
bb9cf3f1-d26c-4050-a927-22523fbefd93,market.page,premium,648.7,648.7,high,medium,6,namecheap,,,19/09/2026 13:41
37c655ba-0050-4fc7-9281-f9faa57e5c94,outlet.win,available,4.18,5.18,high,low,6,cloudflare,,,29/09/2026 17:56
af1695ac-bc66-4604-a173-2c2ac1e0df6d,commerce.ag,resell,,,high,low,8,"humbly, LLC",14/06/2026 07:16,14/06/2027 07:16,01/10/2026 01:08
72841197-43a0-4319-9877-2345d0cf5036,outlet.taxi,available,6.18,49.95,high,low,6,porkbun,,,29/09/2026 17:56
42e69a88-b52f-476e-b096-30841ab7d946,commerce.men,premium,385,55,high,low,8,dynadot,,,01/10/2026 01:08
03b688e2-04a6-4dad-8cc5-3c9e5ead3f2b,shop.democrat,premium,242,242,high,medium,4,namesilo,,,24/09/2026 21:43
dc19233d-b840-4520-b887-3fc5c3e75969,commerce.ltda,premium,56.64,33.04,high,low,8,namesilo,,,01/10/2026 01:08
8d8d3c1e-a779-4003-9593-b4be78408d15,trade.ventures,resell,,,high,medium,5,"Sav.com, LLC - 44",20/09/2026 15:15,20/09/2027 15:15,30/09/2026 02:52
598f18c4-1d7c-4e67-8259-a93b9b09dce2,outlet.help,premium,72.65,103.7,high,low,6,spaceship,,,29/09/2026 17:56
092dd79a-baf9-4e0c-8243-99a05d372c29,market.pw,premium,3250,3250,high,medium,6,namecheap,,,19/09/2026 13:41
09097439-c8c7-44ff-be60-0d8145b102a5,outlet.solutions,available,7.96,25.04,high,low,6,spaceship,,,29/09/2026 17:56
5a638a70-21c8-4910-80a6-3e4cfaee6a6b,outlet.rich,available,79,160.72,high,low,6,dynadot,,,29/09/2026 17:56
9749df21-a4eb-400d-9db5-f3218649afb3,market.rent,premium,640,640,high,medium,6,namesilo,,,19/09/2026 13:41
377886db-8b4d-4bb7-bd59-f0b94cbcd7ca,shop.ooo,premium,1380000,318.72,high,medium,4,namesilo,,,24/09/2026 21:43
df044c46-f0c6-489f-a426-9ba4be5e9340,commerce.review,premium,5175.2,103.7,high,low,8,spaceship,,,01/10/2026 01:08
a2bc6978-9da0-4656-b2e6-74d34b2e25f3,outlet.sex,available,51.95,98.53,high,low,6,spaceship,,,29/09/2026 17:56
268be704-d5d3-4c63-a83c-29b6d8213676,sale.deal,premium,1035.2,1035.2,high,low,4,spaceship,,,29/09/2026 13:09
4ebaa141-e0f6-488c-aad6-80d3af5d6b47,shop.boo,premium,1298.7,1298.7,high,medium,4,namecheap,,,24/09/2026 21:43
7c58500c-b500-4b9a-802b-b9a3e9e7aef4,retail.guru,resell,,,high,low,6,"GoDaddy.com, LLC",30/08/2023 18:27,30/08/2027 18:27,28/09/2026 06:47
bf250144-a7f1-4892-bc99-ce2d1f6c87ec,commerce.healthcare,available,93.98,111.98,high,low,8,namecheap,,,01/10/2026 01:08
969430db-8af4-49d6-9365-cfa3e5f0716f,shop.ink,premium,832,832,high,medium,4,namesilo,,,24/09/2026 21:43
4d239af6-c095-40e2-9750-5976223b2321,outlet.miami,resell,,,high,low,6,"GoDaddy.com, LLC",04/05/2021 13:21,04/05/2027 13:21,29/09/2026 17:56
5176c855-e6a6-4984-8426-918ab5787cfc,commerce.melbourne,available,58,58,high,low,8,namesilo,,,01/10/2026 01:08
20018e42-d8ee-49db-8a63-8deffb2b9c7b,outlet.salon,available,45.74,45.74,high,low,6,spaceship,,,29/09/2026 17:56
a5fd0f60-2d8b-4b4d-8bc1-a245dfa77318,merchandise.bargains,available,17.99,26.49,high,low,11,namesilo,,,30/09/2026 09:41
1afdb2df-ccee-4139-b651-0b0ccaee3182,commerce.build,premium,517.7,517.7,high,low,8,spaceship,,,01/10/2026 01:08
a2f6fa83-8989-43ed-8c64-dcdaf297e94d,outlet.place,premium,51.43,102.67,high,low,6,spaceship,,,29/09/2026 17:56
73cf33cb-6dab-4c88-a58c-adf37315002c,retail.fun,premium,258.95,1035.2,high,low,6,spaceship,,,28/09/2026 06:47
5db71641-4879-4057-997f-2d83f419ba69,retail.education,resell,,,high,low,6,"GoDaddy.com, LLC",20/01/2016 08:21,20/01/2027 08:21,28/09/2026 06:47
77007f4b-a633-435c-92ad-cd03212a16b2,market.camera,premium,512,512,high,medium,6,namesilo,,,19/09/2026 13:41
2902f3ec-7aa5-411b-8aff-5f6b137cab9f,retail.observer,premium,854,854,high,low,6,namesilo,,,28/09/2026 06:47
cf17e201-88a2-431d-9393-05ea0e24c72a,outlet.training,available,7.96,33.32,high,low,6,spaceship,,,29/09/2026 17:56
63045542-e699-4993-8798-77c945a70f98,commerce.ryukyu,available,33.99,33.99,high,low,8,godaddy,,,01/10/2026 01:08
a7cebce4-8404-4d1e-80b2-045247a253c5,commerce.casino,resell,,,high,low,8,Dynadot Inc,22/01/2026 17:00,22/01/2027 17:00,01/10/2026 01:08
70889b41-fcf2-4d1d-a3bf-a9d97fa0bff5,commerce.surf,available,1.99,49.99,high,low,8,godaddy,,,01/10/2026 01:08
f12be5e3-ad91-4643-ac56-602b369be0d2,market.melbourne,available,58,58,high,medium,6,namesilo,,,19/09/2026 13:41
b1202690-70a2-4f75-9a02-18a9f35429e1,outlet.estate,available,30.2,30.2,high,low,6,cloudflare,,,29/09/2026 17:56
8345d872-36ec-49c4-ab96-00823d589060,shop.viajes,premium,118.8,118.8,high,medium,4,namesilo,,,24/09/2026 21:43
90d53662-3403-496c-842d-e201f32e4935,retail.how,premium,92.32,92.32,high,low,6,spaceship,,,28/09/2026 06:47
aa872731-964d-4f77-8617-a2ee1d15825c,commerce.cfd,premium,63.25,126.5,high,low,8,dynadot,,,01/10/2026 01:08
74d9fd1a-438b-4e4c-b0ab-fcac1ccab612,outlet.shopping,premium,207.2,207.2,high,low,6,spaceship,,,29/09/2026 17:56
27f261cc-1ac9-4e2e-a0b5-113c129b44e3,outlet.stream,premium,109.69,27.82,high,low,6,porkbun,,,29/09/2026 17:56
f48060da-76ed-4e7e-bd3a-faa5b17b8e5d,outlet.review,premium,1100,110,high,low,6,dynadot,,,29/09/2026 17:56
306156dc-546b-4da7-ab1e-69c8efaf1e14,commerce.monster,resell,,,high,low,8,"Spaceship, Inc.",17/01/2026 15:57,17/01/2027 23:59,01/10/2026 01:08
3899c4af-32a3-4416-bd63-19cc2ad2c28a,commerce.photos,available,23.2,23.2,high,low,8,cloudflare,,,01/10/2026 01:08
029f3090-f515-457e-a139-b241785b8c2c,outlet.la,resell,,,high,low,6,LA Domain Names,26/08/2023 08:43,26/08/2027 23:59,29/09/2026 17:56
7ea6bb02-c3a8-4fd1-bcaf-edb3c401d649,outlet.fund,available,8.78,59.07,high,low,6,dynadot,,,29/09/2026 17:56
2b0fa6e3-5c17-45cb-9ac8-587b157bf582,marketplace.sale,premium,414.2,414.2,high,medium,11,spaceship,,,28/09/2026 05:48
77fb1ee1-06de-4929-a2bb-7a193d787f3f,retailer.shop,premium,,,high,low,8,,,,30/09/2026 02:33
4f2bcac6-e0de-4e8b-b6d2-c11eecaba22b,supermarket.tienda,available,47.81,47.81,high,low,11,spaceship,,,01/10/2026 05:02
729a65e9-7760-44eb-b87e-576f4066f33a,outlet.audio,available,100.2,100.2,high,low,6,cloudflare,,,29/09/2026 17:56
58d4ae69-8e54-4d9a-8149-ac00c4f70a5b,market.casa,resell,,,high,medium,6,Dynadot Inc,22/09/2020 20:47,22/09/2027 20:47,26/09/2026 07:26
f2404337-bdfe-4dfd-9da1-c018fe8d94f4,outlet.one,premium,650,650,high,low,6,namecheap,,,29/09/2026 17:56
856faba4-da9f-4c6c-bd25-f7147858a4fd,market.bargains,resell,,,high,medium,6,"GoDaddy.com, LLC",17/02/2015 01:19,17/02/2027 01:19,26/09/2026 07:26
a0943a86-82d3-4654-89db-96957b03c966,commerce.faith,premium,103.7,26.08,high,low,8,spaceship,,,01/10/2026 01:08
7ce0f2ba-febf-428b-b634-090bac19522d,shopping.apartments,available,45.74,45.74,high,low,8,spaceship,,,30/09/2026 11:13
04197d1d-bc49-4998-8e10-4c144046b2fb,outlet.academy,available,11.99,38.74,high,low,6,dynadot,,,29/09/2026 17:56
80192543-a165-419e-89b2-a96c90c639b0,goods.kaufen,available,9.99,,high,low,5,name.com,,,
0f334d00-6efd-4e24-8a68-1ad024d7dcd4,outlet.vote,available,33,,high,low,6,unstoppable,,,29/09/2026 17:56
46abd6c7-d4e5-4bb1-a06f-d1a845d2fe46,retail.rest,premium,130.61,186.5,high,low,6,spaceship,,,28/09/2026 06:47
637b4062-2b72-4efd-99fd-1f74ca67ebb0,shop.reise,premium,242,242,high,medium,4,namesilo,,,24/09/2026 21:43
ad81419c-3b1b-4c02-b515-b4adcf7c774d,commerce.memorial,available,40.2,40.2,high,low,8,cloudflare,,,01/10/2026 01:08
e515b129-031f-456d-b45b-6e35d6c17496,outlet.new,available,488.98,601.98,high,low,6,namecheap,,,29/09/2026 17:56
379eaf6e-8ed6-49e0-b792-a1a264c42567,commerce.vote,available,39.99,155.99,high,low,8,godaddy,,,01/10/2026 01:08
dcf8ce01-5fb6-41c5-9aa0-d08cde09d1f2,shop.vc,resell,,,high,medium,4,1API GmbH,29/12/2005 15:34,29/12/2026 15:34,26/09/2026 09:00
0fecb28d-b739-4e18-9537-efbea03aacc4,commerce.group,resell,,,high,low,8,"Xiamen ChinaSource Internet Service Co., Ltd",26/08/2019 16:48,26/08/2030 16:48,01/10/2026 01:08
5e03a2b7-32b9-451c-9b29-29b101a440b1,market.pizza,premium,242,242,high,medium,6,namesilo,,,19/09/2026 13:41
80f80a6e-3915-4c88-a413-ad624708160e,outlet.guide,available,33.32,33.32,high,low,6,spaceship,,,29/09/2026 17:56
4d713a9d-a681-4b5b-911d-845a0e2db221,commerce.immo,premium,242,242,high,low,8,namesilo,,,01/10/2026 01:08
9565caad-b248-4e1c-9d0a-7061b17a1b21,outlet.farm,available,7.71,32.21,high,low,6,dynadot,,,29/09/2026 17:56
db1f4a65-cc68-48a4-9699-4bef5506479b,mall.space,premium,5000.2,7000,high,low,4,unstoppable,,,30/09/2026 03:46
0c34d011-a66d-49f6-a962-3db18a1b7673,retail.restaurant,available,50.2,50.2,high,low,6,cloudflare,,,28/09/2026 06:47
99d16479-6f05-456b-ae91-ae75b8650ecf,outlet.baby,resell,,,high,low,6,"Spaceship, Inc.",20/07/2026 20:41,20/07/2027 23:59,29/09/2026 17:56
32daeab6-489d-4fda-b7c8-953aa66dc37c,shop.cafe,resell,,,high,medium,4,"Sav.com, LLC - 20",20/12/2023 15:16,20/12/2028 15:16,26/09/2026 08:59
701792a8-9d5e-4465-bf6c-8b389c575aac,outlet.vision,available,36.43,36.43,high,low,6,spaceship,,,29/09/2026 17:56
3053a7a4-7e58-4573-af13-5fe1db1fbd1d,shop.services,premium,512,512,high,medium,4,namesilo,,,24/09/2026 21:43
41883d24-0ea8-4b49-93b1-0add9e9fe09f,commerce.srl,premium,50.6,28.04,high,low,8,dynadot,,,01/10/2026 01:08
2048b55a-b590-4736-866b-ed5b7a9df376,merchandise.ooo,premium,8881.68,119.99,high,low,11,namesilo,,,30/09/2026 09:41
16dd529b-0c0e-405f-a673-e15fb923d7aa,commerce.attorney,premium,440,440,high,low,8,dynadot,,,01/10/2026 01:08
bcf1b4a7-9aa1-49c4-8b65-6d905209c344,market.jewelry,available,64.99,64.99,high,medium,6,namesilo,,,19/09/2026 13:41
641d4b17-2677-424b-815f-275d98dd5395,shop.health,resell,,,high,medium,4,"GoDaddy.com, LLC",06/12/2023 21:03,06/12/2026 21:03,26/09/2026 08:59
9e455cb7-b8e8-4393-a9bf-258ea8b89de0,outlet.food,premium,490,700,high,low,6,namecheap,,,29/09/2026 17:56
10b43018-07e2-4e0e-93e1-1252a4fad118,shopping.hot,premium,517.7,517.7,high,low,8,spaceship,,,30/09/2026 11:13
3e906b50-2e31-4293-8324-a0614759256f,retail.camp,available,49.88,49.88,high,low,6,spaceship,,,28/09/2026 06:47
e40d1f4e-c082-46f8-928e-36dc7133ffa7,outlet.rip,available,18.83,18.83,high,low,6,spaceship,,,29/09/2026 17:56
d2b6d843-da8a-4bc4-a8fd-26fdce7d2d29,market.store,premium,3450,3450,high,medium,6,namesilo,,,19/09/2026 13:41
0ddfbf5e-61f5-4fc4-bdd8-598715e5b4a7,market.lease,premium,118.8,118.8,high,medium,6,namesilo,,,19/09/2026 13:41
c0207199-581b-4923-8a88-5eba4ea251f9,outlet.tattoo,available,1.75,31.25,high,low,6,spaceship,,,29/09/2026 17:56
0e1c9370-6fef-49e7-8260-7de9543bdfab,shopping.markets,premium,1035.2,1035.2,high,low,8,spaceship,,,30/09/2026 11:13
fe45e487-c3ca-4786-8ae4-5282236348f3,boutique.shopping,premium,512,512,high,low,8,namesilo,,,29/09/2026 02:31
70c577e5-a4e4-4c38-a822-017ef2c072c4,outlet.vana,available,2140.22,2140.22,high,low,6,dynadot,,,29/09/2026 17:56
8d7bd2dc-add5-4ded-87fe-c99836a5d36a,shopping.equipment,available,22.97,22.97,high,low,8,spaceship,,,30/09/2026 11:13
2ecd4c88-aa03-4206-a440-2a3e8a36c43e,commerce.tools,resell,,,high,low,8,101domain GRS Limited,29/08/2014 11:01,29/08/2027 11:01,01/10/2026 01:08
cbd38a62-f376-4a5b-8d5c-effab14d919b,market.space,premium,13800,13800,high,medium,6,namesilo,,,19/09/2026 13:41
36d3b6f7-a59e-4d73-a27c-60226b543e9c,market.boutique,premium,78.54,78.54,high,medium,6,namesilo,,,19/09/2026 13:41
13dadb6f-e42f-4b1f-ba45-3303265ea079,retail.reise,available,27.89,97.99,high,low,6,namesilo,,,28/09/2026 06:47
47f9eb75-ee09-440a-9bcf-0666433ee52b,outlet.games,available,11.98,42.98,high,low,6,namecheap,,,29/09/2026 17:56
b9c9ed1d-3acc-4d30-ab2b-2c22d81f072b,shopping.maison,premium,102.67,102.67,high,low,8,spaceship,,,30/09/2026 11:13
76eb22e6-ea21-4620-bd94-509d01831586,commerce.today,resell,,,high,low,8,"Xiamen ChinaSource Internet Service Co., Ltd",16/08/2019 14:46,16/08/2027 14:46,01/10/2026 01:08
ac805363-7b15-47c8-b6ad-81196f05fa3b,outlet.ryukyu,available,17.98,22.98,high,low,6,namecheap,,,29/09/2026 17:56
f59cdae4-30c3-4dda-98b5-a4024bfacb0d,mall.store,premium,1293.95,5175.2,high,low,4,spaceship,,,30/09/2026 03:46
ece7082e-7235-4840-b0b4-2c11758ba329,market.faith,premium,116,29.5,high,medium,6,namesilo,,,19/09/2026 13:41
412977d8-ca84-41a9-9a27-a492225c86b2,shopping.realty,premium,3450,3450,high,low,8,namesilo,,,30/09/2026 11:13
b752fce2-f695-4022-bec0-5669edefc070,market.srl,premium,54.28,30.68,high,medium,6,namesilo,,,19/09/2026 13:41
71df7372-df66-4bae-b52b-3e1c1bd37711,outlet.melbourne,premium,455.3,455.3,high,low,6,namecheap,,,29/09/2026 17:56
028a49b6-da96-4df6-b484-03792ad3ef12,shop.hot,premium,13800,13800,high,medium,4,namesilo,,,24/09/2026 21:43
78e78d54-5dfc-48b3-9ec4-799e8ca24751,outlet.casa,resell,,,high,low,6,Dynadot Inc,21/01/2024 18:54,21/01/2027 18:54,29/09/2026 17:56
658f0c23-4933-427d-8672-6bde52286388,commerce.voto,available,26.5,86.98,high,low,8,unstoppable,,,01/10/2026 01:08
2e1622e2-536e-47e2-9585-bf2d189146f1,retail.tennis,available,65.99,65.99,high,low,6,namesilo,,,28/09/2026 06:47
5dee7fc8-6dcd-476b-b73e-572b5bf9f4ca,outlet.systems,available,27.2,27.2,high,low,6,cloudflare,,,29/09/2026 17:56
b876c4de-1f95-4eaa-bc7e-01eb1ec98296,trade.condos,premium,118.8,118.8,high,medium,5,namesilo,,,30/09/2026 02:52
75fcdc48-2265-4a9a-8b23-96c7983e360a,commerce.industries,premium,118.8,118.8,high,low,8,namesilo,,,01/10/2026 01:08
d8046359-058b-402c-b2a6-7947373b7da9,shop.pet,premium,3450,3450,high,medium,4,namesilo,,,24/09/2026 21:43
166375f8-8f6c-4dfc-8237-c4cbee800a90,shopping.shop,premium,6250,,high,low,8,name.com,,,30/09/2026 11:13
73f86069-6cad-4787-92fe-068586916072,commerce.plumbing,available,72.99,72.99,high,low,8,namesilo,,,01/10/2026 01:08
13ca1d37-7edc-457f-8f13-43fb7e5f5be9,commerce.cv,premium,1042.76,7.76,high,low,8,spaceship,,,01/10/2026 01:08
9f3b69fa-e8f6-4471-9bd2-e044194caa61,trade.shop,premium,13800,13800,high,medium,5,namesilo,,,30/09/2026 02:52
d2e0444f-0a5f-4613-b425-4cf517162f1c,commerce.gallery,available,22.2,22.2,high,low,8,cloudflare,,,01/10/2026 01:08
00c45215-4cfe-4a55-935e-25f765b63369,market.memorial,premium,118.8,118.8,high,medium,6,namesilo,,,19/09/2026 13:41
721d8140-1e11-4414-bf12-d6c25ca88939,outlet.onl,premium,136.98,273.44,high,low,6,porkbun,,,29/09/2026 17:56
3ae3d70d-ae0e-4054-b5a2-c4d024e6c08b,market.cool,resell,,,high,medium,6,"DNSPod, Inc.",09/04/2018 08:00,09/04/2036 08:00,26/09/2026 07:26
a9e7915e-d60d-4a71-bc47-2053259b78ab,commerce.space,premium,682.81,2729.67,high,low,8,porkbun,,,01/10/2026 01:08
2eba6f08-e11c-47a6-952c-8db5577012b0,trade.qpon,premium,2729.67,22.31,high,medium,5,porkbun,,,30/09/2026 02:52
0b6b4095-0df0-459c-b5e7-665c1c64cf63,commerce.security,available,1863.2,2000.18,high,low,8,spaceship,,,01/10/2026 01:08
1bd27113-56e1-4bb0-8409-278664956e60,outlet.lifestyle,premium,362.45,517.7,high,low,6,spaceship,,,29/09/2026 17:56
1599d264-16be-49ea-ba81-1f247f421a07,outlet.graphics,available,19.48,19.48,high,low,6,dynadot,,,29/09/2026 17:56
d1587b3a-a356-4f2c-982f-cdaad21115cb,outlet.show,available,14.17,35.39,high,low,6,spaceship,,,29/09/2026 17:56
ae994b8b-7c86-47d3-88f5-a353bc9c3fb4,retailer.kaufen,available,5.99,26.99,high,low,8,namesilo,,,30/09/2026 02:33
fe068e09-12ec-4eeb-a47c-bae1cd6dfddc,market.hot,premium,130,130,high,medium,6,namecheap,,,19/09/2026 13:41
3cb96a3b-e070-4d12-9c2b-384df1e435d6,market.ltda,premium,56.64,33.04,high,medium,6,namesilo,,,19/09/2026 13:41
602c634c-874c-4efc-8526-bbf88c4d3474,merchandise.deal,premium,100.5,116,high,low,11,unstoppable,,,30/09/2026 09:41
0e2fa031-9d25-4e1a-adab-2f5e267aa14d,commerce.meme,premium,155.45,155.45,high,low,8,spaceship,,,01/10/2026 01:08
1ec69989-1a1a-43b7-90fd-b5bbf85fc3a1,outlet.yoga,available,26.26,26.26,high,low,6,porkbun,,,29/09/2026 17:56
ce704d0a-9d2d-4284-9d58-bff67b9d6d1e,market.coupons,resell,,,high,medium,6,Dynadot Inc,21/05/2018 07:40,21/05/2027 07:40,26/09/2026 07:26
7b635855-f179-414f-a9f1-4ebfa66106e8,shop.love,premium,13800,13800,high,medium,4,namesilo,,,24/09/2026 21:43
3cdb881d-d125-41e3-8f75-85eeb1b540d0,shopping.properties,premium,207.2,207.2,high,low,8,spaceship,,,30/09/2026 11:13
c1faf6b3-e45f-4679-9200-fde5404c7ad1,outlet.sbs,premium,330,660,high,low,6,dynadot,,,29/09/2026 17:56
10da2916-56f3-462a-b99c-c821412bf7ea,outlet.gratis,available,18.2,18.2,high,low,6,cloudflare,,,29/09/2026 17:56
25e2297a-04c7-45a6-97e3-bc3319b0cfc5,outlet.hiv,available,184.9,184.9,high,low,6,spaceship,,,29/09/2026 17:56
96d7c63b-093a-44fa-9ac1-d7768f622e6c,shop.wiki,premium,832,832,high,medium,4,namesilo,,,24/09/2026 21:43
5d92ebf2-2593-4870-b8ce-6114eb2d9773,outlet.tires,available,70.2,70.2,high,low,6,cloudflare,,,29/09/2026 17:56
1b0a5ae5-2c48-4625-a1af-d22bc945b231,market.pet,resell,,,high,medium,6,"Name.com, Inc.",23/02/2016 16:00,23/02/2027 16:00,26/09/2026 07:26
79477234-051d-4c6a-aa1c-c41dc12b6ac9,outlet.republican,available,5.57,26.97,high,low,6,dynadot,,,29/09/2026 17:56
760fcec4-1b27-46b3-93e2-815ad3c049b3,retailer.so,available,,,high,high,8,,,,
3f3c62dc-98c3-4d26-957e-dfbad3b7577f,commerce.pink,available,14.49,25.99,high,low,8,namesilo,,,01/10/2026 01:08
b5e539dd-b3fe-447c-bd69-42928ec5068b,shopping.boston,premium,207.2,18.83,high,low,8,spaceship,,,30/09/2026 11:13
9378c9ca-65dd-479a-bfa7-5a1a529cab0f,market.bayern,available,34.99,34.99,high,medium,6,namesilo,,,19/09/2026 13:41
17c2ba59-b626-43f0-a7f4-ba321682fdec,merchandise.forsale,premium,71.4,71.4,high,low,11,namesilo,,,30/09/2026 09:41
d62b7783-6228-49b3-ad2b-5378ae3f9e30,market.press,premium,6900,6900,high,medium,6,namesilo,,,19/09/2026 13:41
358a7f5e-727d-4acd-a7a9-365ae87c3236,outlet.clinic,available,50.2,50.2,high,low,6,cloudflare,,,29/09/2026 17:56
a6263881-335f-49b9-b667-3252944627d5,marketplace.tienda,available,59.99,59.99,high,medium,11,namesilo,,,28/09/2026 05:48
71a804a0-2e06-4ea5-a74e-eb02c50bfc7c,trade.shiksha,premium,2070.2,2070.2,high,medium,5,spaceship,,,30/09/2026 02:52
44d6a561-4938-4638-a106-e15a88579333,commerce.gives,available,14.99,23.99,high,low,8,namesilo,,,01/10/2026 01:08
ce05ffa6-e94e-4e60-82ec-d822bd351605,sale.store,premium,6900,6900,high,low,4,namesilo,,,29/09/2026 13:09
cad6ff8a-de56-4cf2-aa10-24904d4fab31,market.sex,resell,,,high,medium,6,"Name.com, Inc.",09/06/2017 14:25,09/06/2027 14:25,26/09/2026 07:26
437a7222-4465-4caa-901e-835ce18e18a3,mall.markets,premium,260,260,high,low,4,namecheap,,,30/09/2026 03:46
2b44ee9a-6600-4bfb-b79d-e0318816e2df,market.soy,premium,698.1,698.1,high,medium,6,namecheap,,,19/09/2026 13:41
c6a4f435-13ee-4917-91df-4ee5b2ffded4,outlet.host,premium,625,,high,low,6,name.com,,,29/09/2026 17:56
9275c622-42b2-4129-8242-fd7b399936b0,sale.trade,resell,,,high,low,4,West263 International Limited,16/05/2018 14:09,16/05/2028 14:09,29/09/2026 13:09
98f73d33-84af-4d36-a97e-8c20c54b492d,goods.store,premium,781.25,3125,high,low,5,name.com,,,
826253b4-fceb-489c-a3ff-23578894f56e,outlet.cab,available,26.08,26.08,high,low,6,spaceship,,,29/09/2026 17:56
feb27b65-2d25-43de-b55e-bee3251db59d,market.porn,resell,,,high,medium,6,"Name.com, Inc.",09/06/2017 14:27,09/06/2027 14:27,26/09/2026 07:26
1ba7fde6-c0ea-47e3-8b19-86500ed089c5,shopping.sarl,premium,78.54,78.54,high,low,8,namesilo,,,30/09/2026 11:13
1e5dae24-f6b5-4192-bb1d-dedac05da0b1,market.voyage,available,58.99,58.99,high,medium,6,namesilo,,,19/09/2026 13:41
a7c83852-0001-4864-84bd-acf6efe4319f,retailer.free,premium,130,130,high,low,8,namecheap,,,30/09/2026 02:33
5d6bc5b9-b9ac-4f06-8e85-3726f0a911ea,commerce.doctor,available,14.49,116.99,high,low,8,namesilo,,,01/10/2026 01:08
29a46386-8cd5-42c0-9f3f-11c7400081cb,shop.forum,premium,1107,1107,high,medium,4,namesilo,,,24/09/2026 21:43
d266f095-0b28-40ba-a3e5-4b8fe90b878d,inventory.kaufen,available,23.2,23.2,high,low,9,cloudflare,,,28/09/2026 06:22
6961ecff-06a8-44aa-9713-6015d2db58be,trade.actor,premium,207.2,207.2,high,medium,5,spaceship,,,30/09/2026 02:52
8cc68fb4-225e-4c39-83f8-021ba2625dd5,market.vana,available,2298,2498,high,medium,6,namecheap,,,19/09/2026 13:41
9f4b3a8e-35a3-45b8-9c97-076dafb0629b,shop.holiday,premium,512,512,high,medium,4,namesilo,,,24/09/2026 21:43
9d451215-6f48-41e4-b056-69bdcc7b3e0d,commerce.hockey,available,8.24,47.89,high,low,8,porkbun,,,01/10/2026 01:08
f884914f-8b3d-42a4-b049-f4afb35fab9c,marketplace.page,premium,257.92,257.92,high,medium,11,spaceship,,,28/09/2026 05:48
9e25a183-3e92-4e90-b30c-044f5b71bb08,commerce.casa,premium,41.6,10.55,high,low,8,spaceship,,,01/10/2026 01:08
155e69db-75f2-4aff-bf03-e2a3c35ee956,commerce.ski,available,39.99,111.99,high,low,8,godaddy,,,01/10/2026 01:08
a2a0c690-4158-477b-8be2-43d8c2f785c3,outlet.blackfriday,available,107.22,107.22,high,low,6,dynadot,,,29/09/2026 17:56
251ed417-8c20-4524-89bd-f25e2aeafaec,commerce.limited,available,29.18,29.18,high,low,8,spaceship,,,01/10/2026 01:08
64945453-d8a7-4627-8ced-394b9dfe542e,market.film,premium,1107,1107,high,medium,6,namesilo,,,19/09/2026 13:41
db881c5c-e0a7-4fee-96f4-cd59c0e99218,outlet.accountant,available,20.88,20.88,high,low,6,spaceship,,,29/09/2026 17:56
6eb88c34-2bc6-4835-a230-3caaf660ea5d,merchandise.cx,available,16.53,16.75,high,low,11,porkbun,,,30/09/2026 09:41
bf0217ac-0fdc-4df5-ba56-afc8a26a5c04,outlet.catering,available,31.25,31.25,high,low,6,spaceship,,,29/09/2026 17:56
5a288e22-438d-45ba-b4d3-b9dac0cf8e6a,market.so,resell,,,high,medium,6,NameCheap,26/06/2020 05:13,26/06/2026 05:13,
878eee52-573c-49fa-a35d-794f6dcac2a8,market.report,resell,,,high,medium,6,"GoDaddy.com, LLC",21/03/2016 01:28,21/03/2027 01:28,26/09/2026 07:26
6791cb00-efc8-48c2-9aec-0fe6ad99137d,commerce.florist,available,8.24,26.97,high,low,8,dynadot,,,01/10/2026 01:08
22156dcc-0044-40df-8af0-0109fc21610a,outlet.cafe,available,40.2,40.2,high,low,6,cloudflare,,,29/09/2026 17:56
d6b99d8c-4687-4c04-a774-21df9bc1b94a,commerce.day,premium,323.7,323.7,high,low,8,namecheap,,,01/10/2026 01:08
f9c9cc7d-aa4b-41a3-9326-7f94cb39370c,shop.tv,resell,,,high,medium,4,"eNom, LLC",16/05/2001 07:00,09/10/2027 07:00,26/09/2026 09:00
0c393796-f654-43cf-a757-5304bc14517e,trade.auto,available,2140.22,2140.22,high,medium,5,dynadot,,,30/09/2026 02:52
284b516f-338a-4aaf-a833-96c1b8b42b8b,outlet.desi,available,19.98,22.98,high,low,6,namecheap,,,29/09/2026 17:56
763a457a-baac-41a5-8796-5c6cc51bf914,commerce.maison,available,57.99,57.99,high,low,8,namesilo,,,01/10/2026 01:08
75330ec5-57eb-4cfe-a30b-6e73a4c18ffe,outlet.camp,available,48.2,48.2,high,low,6,cloudflare,,,29/09/2026 17:56
737ad9a8-7b58-46ab-9efc-e0eabc558b81,commerce.kitchen,available,7.96,51.95,high,low,8,spaceship,,,01/10/2026 01:08
4d351e3e-7251-499a-b558-48c38afd15e5,market.racing,premium,116,116,high,medium,6,namesilo,,,19/09/2026 13:41
50726c07-a26c-4e1c-bca2-386f22d1f08c,commerce.hiv,available,195.99,195.99,high,low,8,namesilo,,,01/10/2026 01:08
7ae43ab0-39d6-4ff0-a3e8-a5707274d144,shop.voting,available,1398,1448,high,medium,4,namecheap,,,24/09/2026 21:43
915273c3-c0b7-4504-85d7-35026d933990,buyer.cheap,available,8.5,,high,low,5,unstoppable,,,29/09/2026 05:39
99e67b32-1833-4a3a-8301-9cb42f61231b,commerce.info,resell,,,high,low,8,"NameSilo, LLC",01/08/2001 16:35,01/08/2027 16:35,01/10/2026 01:08
413d308c-84a1-4ec0-a3e2-91170e7f126c,shop.build,premium,1950,1950,high,medium,4,namecheap,,,24/09/2026 21:43
fbf8f0ca-4b5f-4621-a7dc-e8d6f6c13078,commerce.restaurant,available,10.55,51.95,high,low,8,spaceship,,,01/10/2026 01:08
7edfcb2a-99a9-4be8-80b9-60c8a3c3a20c,commerce.news,premium,1107,1107,high,low,8,namesilo,,,01/10/2026 01:08
99f4b52c-9f2a-4b6b-97ca-05045caa104d,outlet.vodka,available,26.08,26.08,high,low,6,spaceship,,,29/09/2026 17:56
d49e3f38-565c-4543-b90c-17beae647641,shopping.food,premium,2660,2660,high,low,8,namesilo,,,30/09/2026 11:13
469d27cb-cdbd-435d-be78-9240dc3400e2,retailer.shoes,available,21.62,53.72,high,low,8,dynadot,,,30/09/2026 02:33
f5c8b222-95da-4c01-b68f-1d15e4b33e74,shopping.plumbing,premium,512,512,high,low,8,namesilo,,,30/09/2026 11:13
42f2304d-5afc-4c5c-ad29-0b0490f202c8,trade.diy,premium,362.45,517.7,high,medium,5,spaceship,,,30/09/2026 02:52
23a32f6d-0368-4562-bb87-954474bf5b26,commerce.energy,available,5.38,93.35,high,low,8,spaceship,,,01/10/2026 01:08
cad3b8bd-f89e-4cd2-80fd-481978f02b43,outlet.garden,premium,414.2,26.08,high,low,6,spaceship,,,29/09/2026 17:56
59306ba9-643b-4d92-bd0f-7e3e8cd2c1b0,commerce.date,premium,103.7,26.08,high,low,8,spaceship,,,01/10/2026 01:08
1f3e7286-e2f8-4c25-812a-fa05a483e671,mall.sucks,available,218.99,218.99,high,low,4,namesilo,,,30/09/2026 03:46
ee311351-4db3-4d67-be9d-4de9534bee2f,mall.bargains,available,23.2,23.2,high,low,4,cloudflare,,,30/09/2026 03:46
a399e4ab-13b5-4d99-a3d1-ffa6dfad6f3f,outlet.ag,available,82.5,82.5,high,low,6,dynadot,,,29/09/2026 17:56
d242aef2-3188-441e-9075-c5fc16b15168,trade.kitchen,premium,512,512,high,medium,5,namesilo,,,30/09/2026 02:52
d4bbb462-55d2-4a8d-b881-7dfdc4ff28e2,outlet.mobile,premium,1092.18,1092.18,high,low,6,porkbun,,,29/09/2026 17:56